Isolate_Id,PB2 Segment_Id,PB1 Segment_Id,PA Segment_Id,HA Segment_Id,NP Segment_Id,NA Segment_Id,MP Segment_Id,NS Segment_Id,HE Segment_Id,P3 Segment_Id,Isolate_Name,Subtype
EPI_ISL_14925112,EPI2168260|150524133621_PB2_2017,EPI2168261|150524133621_PB1_2017,EPI2168259|150524133621_PA_2017,EPI2168263|150524133621_HA_2017,EPI2168256|150524133621_NP_2017,EPI2168262|150524133621_NA_2017,EPI2168258|150524133621_MP_2017,EPI2168257|150524133621_NS_2017,,,A/Michigan/UOM150524133621/2017,A / H3N2
EPI_ISL_14925131,EPI2168268|150524133622_PB2_2017,EPI2168269|150524133622_PB1_2017,EPI2168267|150524133622_PA_2017,EPI2168271|150524133622_HA_2017,EPI2168264|150524133622_NP_2017,EPI2168270|150524133622_NA_2017,EPI2168266|150524133622_MP_2017,EPI2168265|150524133622_NS_2017,,,A/Michigan/UOM150524133622/2017,A / H3N2
EPI_ISL_14925145,EPI2168276|150524133623_PB2_2017,EPI2168277|150524133623_PB1_2017,EPI2168275|150524133623_PA_2017,EPI2168279|150524133623_HA_2017,EPI2168272|150524133623_NP_2017,EPI2168278|150524133623_NA_2017,EPI2168274|150524133623_MP_2017,EPI2168273|150524133623_NS_2017,,,A/Michigan/UOM150524133623/2017,A / H3N2
EPI_ISL_14925146,EPI2168284|150524133624_PB2_2017,EPI2168285|150524133624_PB1_2017,EPI2168283|150524133624_PA_2017,EPI2168287|150524133624_HA_2017,EPI2168280|150524133624_NP_2017,EPI2168286|150524133624_NA_2017,EPI2168282|150524133624_MP_2017,EPI2168281|150524133624_NS_2017,,,A/Michigan/UOM150524133624/2017,A / H3N2
EPI_ISL_14925153,EPI2168292|150524133625_PB2_2017,EPI2168293|150524133625_PB1_2017,EPI2168291|150524133625_PA_2017,EPI2168295|150524133625_HA_2017,EPI2168288|150524133625_NP_2017,EPI2168294|150524133625_NA_2017,EPI2168290|150524133625_MP_2017,EPI2168289|150524133625_NS_2017,,,A/Michigan/UOM150524133625/2017,A / H3N2
EPI_ISL_14925173,EPI2168300|150524133626_PB2_2017,EPI2168301|150524133626_PB1_2017,EPI2168299|150524133626_PA_2017,EPI2168303|150524133626_HA_2017,EPI2168296|150524133626_NP_2017,EPI2168302|150524133626_NA_2017,EPI2168298|150524133626_MP_2017,EPI2168297|150524133626_NS_2017,,,A/Michigan/UOM150524133626/2017,A / H3N2
EPI_ISL_14925190,EPI2168308|150524133627_PB2_2017,EPI2168309|150524133627_PB1_2017,EPI2168307|150524133627_PA_2017,EPI2168311|150524133627_HA_2017,EPI2168304|150524133627_NP_2017,EPI2168310|150524133627_NA_2017,EPI2168306|150524133627_MP_2017,EPI2168305|150524133627_NS_2017,,,A/Michigan/UOM150524133627/2017,A / H3N2
EPI_ISL_14925207,EPI2168317|150524133628_PB2_2017,EPI2168318|150524133628_PB1_2017,EPI2168315|150524133628_PA_2017,EPI2168320|150524133628_HA_2017,EPI2168312|150524133628_NP_2017,EPI2168319|150524133628_NA_2017,EPI2168314|150524133628_MP_2017,EPI2168313|150524133628_NS_2017,,,A/Michigan/UOM150524133628/2017,A / H3N2
EPI_ISL_14925215,EPI2168325|150524133629_PB2_2017,EPI2168326|150524133629_PB1_2017,EPI2168324|150524133629_PA_2017,EPI2168328|150524133629_HA_2017,EPI2168321|150524133629_NP_2017,EPI2168327|150524133629_NA_2017,EPI2168323|150524133629_MP_2017,EPI2168322|150524133629_NS_2017,,,A/Michigan/UOM150524133629/2017,A / H3N2
EPI_ISL_14925216,EPI2168333|150524133630_PB2_2017,EPI2168335|150524133630_PB1_2017,EPI2168332|150524133630_PA_2017,EPI2168337|150524133630_HA_2017,EPI2168329|150524133630_NP_2017,EPI2168336|150524133630_NA_2017,EPI2168331|150524133630_MP_2017,EPI2168330|150524133630_NS_2017,,,A/Michigan/UOM150524133630/2017,A / H3N2
EPI_ISL_14925217,EPI2168342|150524133829_PB2_2017,EPI2168343|150524133829_PB1_2017,EPI2168341|150524133829_PA_2017,EPI2168345|150524133829_HA_2017,EPI2168338|150524133829_NP_2017,EPI2168344|150524133829_NA_2017,EPI2168340|150524133829_MP_2017,EPI2168339|150524133829_NS_2017,,,A/Michigan/UOM150524133829/2017,A / H3N2
EPI_ISL_14925223,EPI2168350|150524133631_PB2_2017,EPI2168352|150524133631_PB1_2017,EPI2168349|150524133631_PA_2017,EPI2168354|150524133631_HA_2017,EPI2168346|150524133631_NP_2017,EPI2168353|150524133631_NA_2017,EPI2168348|150524133631_MP_2017,EPI2168347|150524133631_NS_2017,,,A/Michigan/UOM150524133631/2017,A / H3N2
EPI_ISL_14925241,EPI2168359|150524133632_PB2_2017,EPI2168360|150524133632_PB1_2017,EPI2168358|150524133632_PA_2017,EPI2168362|150524133632_HA_2017,EPI2168355|150524133632_NP_2017,EPI2168361|150524133632_NA_2017,EPI2168357|150524133632_MP_2017,EPI2168356|150524133632_NS_2017,,,A/Michigan/UOM150524133632/2017,A / H3N2
EPI_ISL_14925244,EPI2168367|150524133633_PB2_2017,EPI2168368|150524133633_PB1_2017,EPI2168366|150524133633_PA_2017,EPI2168371|150524133633_HA_2017,EPI2168363|150524133633_NP_2017,EPI2168369|150524133633_NA_2017,EPI2168365|150524133633_MP_2017,EPI2168364|150524133633_NS_2017,,,A/Michigan/UOM150524133633/2017,A / H3N2
EPI_ISL_14925257,EPI2168376|150524133634_PB2_2017,EPI2168377|150524133634_PB1_2017,EPI2168375|150524133634_PA_2017,EPI2168379|150524133634_HA_2017,EPI2168372|150524133634_NP_2017,EPI2168378|150524133634_NA_2017,EPI2168374|150524133634_MP_2017,EPI2168373|150524133634_NS_2017,,,A/Michigan/UOM150524133634/2017,A / H3N2
EPI_ISL_14925274,EPI2168384|150524133636_PB2_2017,EPI2168385|150524133636_PB1_2017,EPI2168383|150524133636_PA_2017,EPI2168388|150524133636_HA_2017,EPI2168380|150524133636_NP_2017,EPI2168387|150524133636_NA_2017,EPI2168382|150524133636_MP_2017,EPI2168381|150524133636_NS_2017,,,A/Michigan/UOM150524133636/2017,A / H3N2
EPI_ISL_14925289,EPI2168393|150524133637_PB2_2017,EPI2168394|150524133637_PB1_2017,EPI2168392|150524133637_PA_2017,EPI2168396|150524133637_HA_2017,EPI2168389|150524133637_NP_2017,EPI2168395|150524133637_NA_2017,EPI2168391|150524133637_MP_2017,EPI2168390|150524133637_NS_2017,,,A/Michigan/UOM150524133637/2017,A / H3N2
EPI_ISL_14925292,EPI2168401|150524133638_PB2_2017,EPI2168402|150524133638_PB1_2017,EPI2168400|150524133638_PA_2017,EPI2168405|150524133638_HA_2017,EPI2168397|150524133638_NP_2017,EPI2168403|150524133638_NA_2017,EPI2168399|150524133638_MP_2017,EPI2168398|150524133638_NS_2017,,,A/Michigan/UOM150524133638/2017,A / H3N2
EPI_ISL_14925311,EPI2168410|150524133639_PB2_2017,EPI2168411|150524133639_PB1_2017,EPI2168409|150524133639_PA_2017,EPI2168413|150524133639_HA_2017,EPI2168406|150524133639_NP_2017,EPI2168412|150524133639_NA_2017,EPI2168408|150524133639_MP_2017,EPI2168407|150524133639_NS_2017,,,A/Michigan/UOM150524133639/2017,A / H3N2
EPI_ISL_14925315,EPI2168418|150524133640_PB2_2017,EPI2168419|150524133640_PB1_2017,EPI2168417|150524133640_PA_2017,EPI2168421|150524133640_HA_2017,EPI2168414|150524133640_NP_2017,EPI2168420|150524133640_NA_2017,EPI2168416|150524133640_MP_2017,EPI2168415|150524133640_NS_2017,,,A/Michigan/UOM150524133640/2017,A / H3N2
EPI_ISL_14925533,EPI2168426|150524133642_PB2_2017,EPI2168427|150524133642_PB1_2017,EPI2168425|150524133642_PA_2017,EPI2168429|150524133642_HA_2017,EPI2168422|150524133642_NP_2017,EPI2168428|150524133642_NA_2017,EPI2168424|150524133642_MP_2017,EPI2168423|150524133642_NS_2017,,,A/Michigan/UOM150524133642/2017,A / H3N2
EPI_ISL_14925534,EPI2168434|150524133641_PB2_2017,EPI2168435|150524133641_PB1_2017,EPI2168433|150524133641_PA_2017,EPI2168437|150524133641_HA_2017,EPI2168430|150524133641_NP_2017,EPI2168436|150524133641_NA_2017,EPI2168432|150524133641_MP_2017,EPI2168431|150524133641_NS_2017,,,A/Michigan/UOM150524133641/2017,A / H3N2
EPI_ISL_14925535,EPI2168442|150524133643_PB2_2017,EPI2168443|150524133643_PB1_2017,EPI2168441|150524133643_PA_2017,EPI2168445|150524133643_HA_2017,EPI2168438|150524133643_NP_2017,EPI2168444|150524133643_NA_2017,EPI2168440|150524133643_MP_2017,EPI2168439|150524133643_NS_2017,,,A/Michigan/UOM150524133643/2017,A / H3N2
EPI_ISL_14925536,EPI2168450|150524133645_PB2_2017,EPI2168451|150524133645_PB1_2017,EPI2168449|150524133645_PA_2017,EPI2168453|150524133645_HA_2017,EPI2168446|150524133645_NP_2017,EPI2168452|150524133645_NA_2017,EPI2168448|150524133645_MP_2017,EPI2168447|150524133645_NS_2017,,,A/Michigan/UOM150524133645/2017,A / H3N2
EPI_ISL_14925537,EPI2168458|150524133646_PB2_2017,EPI2168459|150524133646_PB1_2017,EPI2168457|150524133646_PA_2017,EPI2168461|150524133646_HA_2017,EPI2168454|150524133646_NP_2017,EPI2168460|150524133646_NA_2017,EPI2168456|150524133646_MP_2017,EPI2168455|150524133646_NS_2017,,,A/Michigan/UOM150524133646/2017,A / H3N2
EPI_ISL_14925538,EPI2168466|150524133647_PB2_2017,EPI2168467|150524133647_PB1_2017,EPI2168465|150524133647_PA_2017,EPI2168469|150524133647_HA_2017,EPI2168462|150524133647_NP_2017,EPI2168468|150524133647_NA_2017,EPI2168464|150524133647_MP_2017,EPI2168463|150524133647_NS_2017,,,A/Michigan/UOM150524133647/2017,A / H3N2
EPI_ISL_14925539,EPI2168474|150524133648_PB2_2018,EPI2168475|150524133648_PB1_2018,EPI2168473|150524133648_PA_2018,EPI2168477|150524133648_HA_2018,EPI2168470|150524133648_NP_2018,EPI2168476|150524133648_NA_2018,EPI2168472|150524133648_MP_2018,EPI2168471|150524133648_NS_2018,,,A/Michigan/UOM150524133648/2018,A / H3N2
EPI_ISL_14925540,EPI2168482|150524133650_PB2_2018,EPI2168483|150524133650_PB1_2018,EPI2168481|150524133650_PA_2018,EPI2168485|150524133650_HA_2018,EPI2168478|150524133650_NP_2018,EPI2168484|150524133650_NA_2018,EPI2168480|150524133650_MP_2018,EPI2168479|150524133650_NS_2018,,,A/Michigan/UOM150524133650/2018,A / H3N2
EPI_ISL_14925544,EPI2168490|150524133649_PB2_2018,EPI2168491|150524133649_PB1_2018,EPI2168489|150524133649_PA_2018,EPI2168493|150524133649_HA_2018,EPI2168486|150524133649_NP_2018,EPI2168492|150524133649_NA_2018,EPI2168488|150524133649_MP_2018,EPI2168487|150524133649_NS_2018,,,A/Michigan/UOM150524133649/2018,A / H3N2
EPI_ISL_14925545,EPI2168498|150524133651_PB2_2018,EPI2168499|150524133651_PB1_2018,EPI2168497|150524133651_PA_2018,EPI2168501|150524133651_HA_2018,EPI2168494|150524133651_NP_2018,EPI2168500|150524133651_NA_2018,EPI2168496|150524133651_MP_2018,EPI2168495|150524133651_NS_2018,,,A/Michigan/UOM150524133651/2018,A / H3N2
EPI_ISL_14925546,EPI2168506|150524133652_PB2_2018,EPI2168507|150524133652_PB1_2018,EPI2168505|150524133652_PA_2018,EPI2168509|150524133652_HA_2018,EPI2168502|150524133652_NP_2018,EPI2168508|150524133652_NA_2018,EPI2168504|150524133652_MP_2018,EPI2168503|150524133652_NS_2018,,,A/Michigan/UOM150524133652/2018,A / H3N2
EPI_ISL_14925547,EPI2168514|150524133653_PB2_2018,EPI2168515|150524133653_PB1_2018,EPI2168513|150524133653_PA_2018,EPI2168517|150524133653_HA_2018,EPI2168510|150524133653_NP_2018,EPI2168516|150524133653_NA_2018,EPI2168512|150524133653_MP_2018,EPI2168511|150524133653_NS_2018,,,A/Michigan/UOM150524133653/2018,A / H3N2
EPI_ISL_14925549,EPI2168522|150524133656_PB2_2018,EPI2168523|150524133656_PB1_2018,EPI2168521|150524133656_PA_2018,EPI2168525|150524133656_HA_2018,EPI2168518|150524133656_NP_2018,EPI2168524|150524133656_NA_2018,EPI2168520|150524133656_MP_2018,EPI2168519|150524133656_NS_2018,,,A/Michigan/UOM150524133656/2018,A / H3N2
EPI_ISL_14925550,EPI2168530|150524133831_PB2_2018,EPI2168531|150524133831_PB1_2018,EPI2168529|150524133831_PA_2018,EPI2168534|150524133831_HA_2018,EPI2168526|150524133831_NP_2018,EPI2168532|150524133831_NA_2018,EPI2168528|150524133831_MP_2018,EPI2168527|150524133831_NS_2018,,,A/Michigan/UOM150524133831/2018,A / H3N2
EPI_ISL_14925551,EPI2168539|150524133657_PB2_2018,EPI2168540|150524133657_PB1_2018,EPI2168538|150524133657_PA_2018,EPI2168542|150524133657_HA_2018,EPI2168535|150524133657_NP_2018,EPI2168541|150524133657_NA_2018,EPI2168537|150524133657_MP_2018,EPI2168536|150524133657_NS_2018,,,A/Michigan/UOM150524133657/2018,A / H3N2
EPI_ISL_14925552,EPI2168547|150524133659_PB2_2018,EPI2168548|150524133659_PB1_2018,EPI2168546|150524133659_PA_2018,EPI2168550|150524133659_HA_2018,EPI2168543|150524133659_NP_2018,EPI2168549|150524133659_NA_2018,EPI2168545|150524133659_MP_2018,EPI2168544|150524133659_NS_2018,,,A/Michigan/UOM150524133659/2018,A / H3N2
EPI_ISL_14925553,EPI2168556|150524133660_PB2_2018,EPI2168557|150524133660_PB1_2018,EPI2168555|150524133660_PA_2018,EPI2168559|150524133660_HA_2018,EPI2168551|150524133660_NP_2018,EPI2168558|150524133660_NA_2018,EPI2168554|150524133660_MP_2018,EPI2168552|150524133660_NS_2018,,,A/Michigan/UOM150524133660/2018,A / H3N2
EPI_ISL_14925554,EPI2168564|150524133661_PB2_2018,EPI2168565|150524133661_PB1_2018,EPI2168563|150524133661_PA_2018,EPI2168568|150524133661_HA_2018,EPI2168560|150524133661_NP_2018,EPI2168566|150524133661_NA_2018,EPI2168562|150524133661_MP_2018,EPI2168561|150524133661_NS_2018,,,A/Michigan/UOM150524133661/2018,A / H3N2
EPI_ISL_14925555,EPI2168573|150524133662_PB2_2018,EPI2168574|150524133662_PB1_2018,EPI2168572|150524133662_PA_2018,EPI2168576|150524133662_HA_2018,EPI2168569|150524133662_NP_2018,EPI2168575|150524133662_NA_2018,EPI2168571|150524133662_MP_2018,EPI2168570|150524133662_NS_2018,,,A/Michigan/UOM150524133662/2018,A / H3N2
EPI_ISL_14925556,EPI2168581|150524133663_PB2_2018,EPI2168582|150524133663_PB1_2018,EPI2168580|150524133663_PA_2018,EPI2168585|150524133663_HA_2018,EPI2168577|150524133663_NP_2018,EPI2168583|150524133663_NA_2018,EPI2168579|150524133663_MP_2018,EPI2168578|150524133663_NS_2018,,,A/Michigan/UOM150524133663/2018,A / H3N2
EPI_ISL_14925557,EPI2168590|150524133664_PB2_2018,EPI2168591|150524133664_PB1_2018,EPI2168589|150524133664_PA_2018,EPI2168593|150524133664_HA_2018,EPI2168586|150524133664_NP_2018,EPI2168592|150524133664_NA_2018,EPI2168588|150524133664_MP_2018,EPI2168587|150524133664_NS_2018,,,A/Michigan/UOM150524133664/2018,A / H3N2
EPI_ISL_14925558,EPI2168598|150524133665_PB2_2018,EPI2168599|150524133665_PB1_2018,EPI2168597|150524133665_PA_2018,EPI2168602|150524133665_HA_2018,EPI2168594|150524133665_NP_2018,EPI2168601|150524133665_NA_2018,EPI2168596|150524133665_MP_2018,EPI2168595|150524133665_NS_2018,,,A/Michigan/UOM150524133665/2018,A / H3N2
EPI_ISL_14925559,EPI2168607|150524133666_PB2_2018,EPI2168608|150524133666_PB1_2018,EPI2168606|150524133666_PA_2018,EPI2168610|150524133666_HA_2018,EPI2168603|150524133666_NP_2018,EPI2168609|150524133666_NA_2018,EPI2168605|150524133666_MP_2018,EPI2168604|150524133666_NS_2018,,,A/Michigan/UOM150524133666/2018,A / H3N2
EPI_ISL_14925560,EPI2168615|150524133668_PB2_2018,EPI2168616|150524133668_PB1_2018,EPI2168614|150524133668_PA_2018,EPI2168619|150524133668_HA_2018,EPI2168611|150524133668_NP_2018,EPI2168617|150524133668_NA_2018,EPI2168613|150524133668_MP_2018,EPI2168612|150524133668_NS_2018,,,A/Michigan/UOM150524133668/2018,A / H3N2
EPI_ISL_14925561,EPI2168624|150524133670_PB2_2018,EPI2168625|150524133670_PB1_2018,EPI2168623|150524133670_PA_2018,EPI2168627|150524133670_HA_2018,EPI2168620|150524133670_NP_2018,EPI2168626|150524133670_NA_2018,EPI2168622|150524133670_MP_2018,EPI2168621|150524133670_NS_2018,,,A/Michigan/UOM150524133670/2018,A / H3N2
EPI_ISL_14925562,EPI2168632|150524133671_PB2_2018,EPI2168633|150524133671_PB1_2018,EPI2168631|150524133671_PA_2018,EPI2168636|150524133671_HA_2018,EPI2168628|150524133671_NP_2018,EPI2168634|150524133671_NA_2018,EPI2168630|150524133671_MP_2018,EPI2168629|150524133671_NS_2018,,,A/Michigan/UOM150524133671/2018,A / H3N2
EPI_ISL_14925563,EPI2168641|150524133673_PB2_2018,EPI2168642|150524133673_PB1_2018,EPI2168640|150524133673_PA_2018,EPI2168644|150524133673_HA_2018,EPI2168637|150524133673_NP_2018,EPI2168643|150524133673_NA_2018,EPI2168639|150524133673_MP_2018,EPI2168638|150524133673_NS_2018,,,A/Michigan/UOM150524133673/2018,A / H3N2
EPI_ISL_14925564,EPI2168649|150524133674_PB2_2018,EPI2168650|150524133674_PB1_2018,EPI2168648|150524133674_PA_2018,EPI2168652|150524133674_HA_2018,EPI2168645|150524133674_NP_2018,EPI2168651|150524133674_NA_2018,EPI2168647|150524133674_MP_2018,EPI2168646|150524133674_NS_2018,,,A/Michigan/UOM150524133674/2018,A / H3N2
EPI_ISL_14925565,EPI2168658|150524133675_PB2_2018,EPI2168659|150524133675_PB1_2018,EPI2168657|150524133675_PA_2018,EPI2168661|150524133675_HA_2018,EPI2168653|150524133675_NP_2018,EPI2168660|150524133675_NA_2018,EPI2168656|150524133675_MP_2018,EPI2168655|150524133675_NS_2018,,,A/Michigan/UOM150524133675/2018,A / H3N2
EPI_ISL_14925566,EPI2168666|150524133676_PB2_2018,EPI2168667|150524133676_PB1_2018,EPI2168665|150524133676_PA_2018,EPI2168669|150524133676_HA_2018,EPI2168662|150524133676_NP_2018,EPI2168668|150524133676_NA_2018,EPI2168664|150524133676_MP_2018,EPI2168663|150524133676_NS_2018,,,A/Michigan/UOM150524133676/2018,A / H3N2
EPI_ISL_14925567,EPI2168674|150524133677_PB2_2018,EPI2168675|150524133677_PB1_2018,EPI2168673|150524133677_PA_2018,EPI2168677|150524133677_HA_2018,EPI2168670|150524133677_NP_2018,EPI2168676|150524133677_NA_2018,EPI2168672|150524133677_MP_2018,EPI2168671|150524133677_NS_2018,,,A/Michigan/UOM150524133677/2018,A / H3N2
EPI_ISL_14925568,EPI2168682|150524133678_PB2_2018,EPI2168683|150524133678_PB1_2018,EPI2168681|150524133678_PA_2018,EPI2168685|150524133678_HA_2018,EPI2168678|150524133678_NP_2018,EPI2168684|150524133678_NA_2018,EPI2168680|150524133678_MP_2018,EPI2168679|150524133678_NS_2018,,,A/Michigan/UOM150524133678/2018,A / H3N2
EPI_ISL_14925569,EPI2168690|150524133679_PB2_2018,EPI2168691|150524133679_PB1_2018,EPI2168689|150524133679_PA_2018,EPI2168693|150524133679_HA_2018,EPI2168686|150524133679_NP_2018,EPI2168692|150524133679_NA_2018,EPI2168688|150524133679_MP_2018,EPI2168687|150524133679_NS_2018,,,A/Michigan/UOM150524133679/2018,A / H3N2
EPI_ISL_14925570,EPI2168698|150524133834_PB2_2018,EPI2168699|150524133834_PB1_2018,EPI2168697|150524133834_PA_2018,EPI2168701|150524133834_HA_2018,EPI2168694|150524133834_NP_2018,EPI2168700|150524133834_NA_2018,EPI2168696|150524133834_MP_2018,EPI2168695|150524133834_NS_2018,,,A/Michigan/UOM150524133834/2018,A / H3N2
EPI_ISL_14925571,EPI2168706|150524133680_PB2_2018,EPI2168707|150524133680_PB1_2018,EPI2168705|150524133680_PA_2018,EPI2168709|150524133680_HA_2018,EPI2168702|150524133680_NP_2018,EPI2168708|150524133680_NA_2018,EPI2168704|150524133680_MP_2018,EPI2168703|150524133680_NS_2018,,,A/Michigan/UOM150524133680/2018,A / H3N2
EPI_ISL_14925572,EPI2168714|150524133681_PB2_2018,EPI2168715|150524133681_PB1_2018,EPI2168713|150524133681_PA_2018,EPI2168717|150524133681_HA_2018,EPI2168710|150524133681_NP_2018,EPI2168716|150524133681_NA_2018,EPI2168712|150524133681_MP_2018,EPI2168711|150524133681_NS_2018,,,A/Michigan/UOM150524133681/2018,A / H3N2
EPI_ISL_14925573,EPI2168722|150524133835_PB2_2018,EPI2168723|150524133835_PB1_2018,EPI2168721|150524133835_PA_2018,EPI2168725|150524133835_HA_2018,EPI2168718|150524133835_NP_2018,EPI2168724|150524133835_NA_2018,EPI2168720|150524133835_MP_2018,EPI2168719|150524133835_NS_2018,,,A/Michigan/UOM150524133835/2018,A / H3N2
EPI_ISL_14925574,EPI2168730|150524133682_PB2_2018,EPI2168731|150524133682_PB1_2018,EPI2168729|150524133682_PA_2018,EPI2168733|150524133682_HA_2018,EPI2168726|150524133682_NP_2018,EPI2168732|150524133682_NA_2018,EPI2168728|150524133682_MP_2018,EPI2168727|150524133682_NS_2018,,,A/Michigan/UOM150524133682/2018,A / H3N2
EPI_ISL_14925575,EPI2168738|150524133683_PB2_2018,EPI2168739|150524133683_PB1_2018,EPI2168737|150524133683_PA_2018,EPI2168741|150524133683_HA_2018,EPI2168734|150524133683_NP_2018,EPI2168740|150524133683_NA_2018,EPI2168736|150524133683_MP_2018,EPI2168735|150524133683_NS_2018,,,A/Michigan/UOM150524133683/2018,A / H3N2
EPI_ISL_14925576,EPI2168746|150524133685_PB2_2018,EPI2168747|150524133685_PB1_2018,EPI2168745|150524133685_PA_2018,EPI2168749|150524133685_HA_2018,EPI2168742|150524133685_NP_2018,EPI2168748|150524133685_NA_2018,EPI2168744|150524133685_MP_2018,EPI2168743|150524133685_NS_2018,,,A/Michigan/UOM150524133685/2018,A / H3N2
EPI_ISL_14925577,EPI2168754|150524133684_PB2_2018,EPI2168755|150524133684_PB1_2018,EPI2168753|150524133684_PA_2018,EPI2168757|150524133684_HA_2018,EPI2168750|150524133684_NP_2018,EPI2168756|150524133684_NA_2018,EPI2168752|150524133684_MP_2018,EPI2168751|150524133684_NS_2018,,,A/Michigan/UOM150524133684/2018,A / H3N2
EPI_ISL_14925578,EPI2168762|150524133686_PB2_2018,EPI2168763|150524133686_PB1_2018,EPI2168761|150524133686_PA_2018,EPI2168765|150524133686_HA_2018,EPI2168758|150524133686_NP_2018,EPI2168764|150524133686_NA_2018,EPI2168760|150524133686_MP_2018,EPI2168759|150524133686_NS_2018,,,A/Michigan/UOM150524133686/2018,A / H3N2
EPI_ISL_14925579,EPI2168770|150524133687_PB2_2018,EPI2168771|150524133687_PB1_2018,EPI2168769|150524133687_PA_2018,EPI2168773|150524133687_HA_2018,EPI2168766|150524133687_NP_2018,EPI2168772|150524133687_NA_2018,EPI2168768|150524133687_MP_2018,EPI2168767|150524133687_NS_2018,,,A/Michigan/UOM150524133687/2018,A / H3N2
EPI_ISL_14925580,EPI2168778|150524133688_PB2_2018,EPI2168779|150524133688_PB1_2018,EPI2168777|150524133688_PA_2018,EPI2168781|150524133688_HA_2018,EPI2168774|150524133688_NP_2018,EPI2168780|150524133688_NA_2018,EPI2168776|150524133688_MP_2018,EPI2168775|150524133688_NS_2018,,,A/Michigan/UOM150524133688/2018,A / H3N2
EPI_ISL_14925581,EPI2168786|150524133836_PB2_2018,EPI2168787|150524133836_PB1_2018,EPI2168785|150524133836_PA_2018,EPI2168789|150524133836_HA_2018,EPI2168782|150524133836_NP_2018,EPI2168788|150524133836_NA_2018,EPI2168784|150524133836_MP_2018,EPI2168783|150524133836_NS_2018,,,A/Michigan/UOM150524133836/2018,A / H3N2
EPI_ISL_14925582,EPI2168794|150524133690_PB2_2018,EPI2168795|150524133690_PB1_2018,EPI2168793|150524133690_PA_2018,EPI2168797|150524133690_HA_2018,EPI2168790|150524133690_NP_2018,EPI2168796|150524133690_NA_2018,EPI2168792|150524133690_MP_2018,EPI2168791|150524133690_NS_2018,,,A/Michigan/UOM150524133690/2018,A / H3N2
EPI_ISL_14925584,EPI2168802|150524133691_PB2_2018,EPI2168803|150524133691_PB1_2018,EPI2168801|150524133691_PA_2018,EPI2168805|150524133691_HA_2018,EPI2168798|150524133691_NP_2018,EPI2168804|150524133691_NA_2018,EPI2168800|150524133691_MP_2018,EPI2168799|150524133691_NS_2018,,,A/Michigan/UOM150524133691/2018,A / H3N2
EPI_ISL_14925585,EPI2168810|150524133695_PB2_2018,EPI2168811|150524133695_PB1_2018,EPI2168809|150524133695_PA_2018,EPI2168814|150524133695_HA_2018,EPI2168806|150524133695_NP_2018,EPI2168812|150524133695_NA_2018,EPI2168808|150524133695_MP_2018,EPI2168807|150524133695_NS_2018,,,A/Michigan/UOM150524133695/2018,A / H3N2
EPI_ISL_14925586,EPI2168819|150524133694_PB2_2018,EPI2168820|150524133694_PB1_2018,EPI2168818|150524133694_PA_2018,EPI2168822|150524133694_HA_2018,EPI2168815|150524133694_NP_2018,EPI2168821|150524133694_NA_2018,EPI2168817|150524133694_MP_2018,EPI2168816|150524133694_NS_2018,,,A/Michigan/UOM150524133694/2018,A / H3N2
EPI_ISL_14925587,EPI2168827|150524133696_PB2_2018,EPI2168828|150524133696_PB1_2018,EPI2168826|150524133696_PA_2018,EPI2168831|150524133696_HA_2018,EPI2168823|150524133696_NP_2018,EPI2168829|150524133696_NA_2018,EPI2168825|150524133696_MP_2018,EPI2168824|150524133696_NS_2018,,,A/Michigan/UOM150524133696/2018,A / H3N2
EPI_ISL_14925588,EPI2168836|150524133698_PB2_2018,EPI2168837|150524133698_PB1_2018,EPI2168835|150524133698_PA_2018,EPI2168839|150524133698_HA_2018,EPI2168832|150524133698_NP_2018,EPI2168838|150524133698_NA_2018,EPI2168834|150524133698_MP_2018,EPI2168833|150524133698_NS_2018,,,A/Michigan/UOM150524133698/2018,A / H3N2
EPI_ISL_14925589,EPI2168845|150524133699_PB2_2018,EPI2168846|150524133699_PB1_2018,EPI2168844|150524133699_PA_2018,EPI2168848|150524133699_HA_2018,EPI2168840|150524133699_NP_2018,EPI2168847|150524133699_NA_2018,EPI2168842|150524133699_MP_2018,EPI2168841|150524133699_NS_2018,,,A/Michigan/UOM150524133699/2018,A / H3N2
EPI_ISL_14925590,EPI2168853|150524133838_PB2_2018,EPI2168854|150524133838_PB1_2018,EPI2168852|150524133838_PA_2018,EPI2168856|150524133838_HA_2018,EPI2168849|150524133838_NP_2018,EPI2168855|150524133838_NA_2018,EPI2168851|150524133838_MP_2018,EPI2168850|150524133838_NS_2018,,,A/Michigan/UOM150524133838/2018,A / H3N2
EPI_ISL_14925636,EPI2168861|150524133781_PB2_2018,EPI2168862|150524133781_PB1_2018,EPI2168860|150524133781_PA_2018,EPI2168865|150524133781_HA_2018,EPI2168857|150524133781_NP_2018,EPI2168864|150524133781_NA_2018,EPI2168859|150524133781_MP_2018,EPI2168858|150524133781_NS_2018,,,A/Michigan/UOM150524133781/2018,A / H3N2
EPI_ISL_14925637,EPI2168870|150524133703_PB2_2018,EPI2168871|150524133703_PB1_2018,EPI2168869|150524133703_PA_2018,EPI2168873|150524133703_HA_2018,EPI2168866|150524133703_NP_2018,EPI2168872|150524133703_NA_2018,EPI2168868|150524133703_MP_2018,EPI2168867|150524133703_NS_2018,,,A/Michigan/UOM150524133703/2018,A / H3N2
EPI_ISL_14925638,EPI2168879|150524133839_PB2_2018,EPI2168880|150524133839_PB1_2018,EPI2168878|150524133839_PA_2018,EPI2168882|150524133839_HA_2018,EPI2168874|150524133839_NP_2018,EPI2168881|150524133839_NA_2018,EPI2168877|150524133839_MP_2018,EPI2168876|150524133839_NS_2018,,,A/Michigan/UOM150524133839/2018,A / H3N2
EPI_ISL_14925639,EPI2168887|150524133704_PB2_2018,EPI2168888|150524133704_PB1_2018,EPI2168886|150524133704_PA_2018,EPI2168890|150524133704_HA_2018,EPI2168883|150524133704_NP_2018,EPI2168889|150524133704_NA_2018,EPI2168885|150524133704_MP_2018,EPI2168884|150524133704_NS_2018,,,A/Michigan/UOM150524133704/2018,A / H3N2
EPI_ISL_14925640,EPI2168896|150524133707_PB2_2018,EPI2168897|150524133707_PB1_2018,EPI2168895|150524133707_PA_2018,EPI2168899|150524133707_HA_2018,EPI2168892|150524133707_NP_2018,EPI2168898|150524133707_NA_2018,EPI2168894|150524133707_MP_2018,EPI2168893|150524133707_NS_2018,,,A/Michigan/UOM150524133707/2018,A / H3N2
EPI_ISL_14925641,EPI2168904|150524133708_PB2_2018,EPI2168905|150524133708_PB1_2018,EPI2168903|150524133708_PA_2018,EPI2168908|150524133708_HA_2018,EPI2168900|150524133708_NP_2018,EPI2168906|150524133708_NA_2018,EPI2168902|150524133708_MP_2018,EPI2168901|150524133708_NS_2018,,,A/Michigan/UOM150524133708/2018,A / H3N2
EPI_ISL_14925642,EPI2168913|150524133710_PB2_2018,EPI2168914|150524133710_PB1_2018,EPI2168912|150524133710_PA_2018,EPI2168916|150524133710_HA_2018,EPI2168909|150524133710_NP_2018,EPI2168915|150524133710_NA_2018,EPI2168911|150524133710_MP_2018,EPI2168910|150524133710_NS_2018,,,A/Michigan/UOM150524133710/2018,A / H3N2
EPI_ISL_14925643,EPI2168921|150524133711_PB2_2018,EPI2168923|150524133711_PB1_2018,EPI2168920|150524133711_PA_2018,EPI2168925|150524133711_HA_2018,EPI2168917|150524133711_NP_2018,EPI2168924|150524133711_NA_2018,EPI2168919|150524133711_MP_2018,EPI2168918|150524133711_NS_2018,,,A/Michigan/UOM150524133711/2018,A / H3N2
EPI_ISL_14925644,EPI2168930|150524133713_PB2_2018,EPI2168931|150524133713_PB1_2018,EPI2168929|150524133713_PA_2018,EPI2168933|150524133713_HA_2018,EPI2168926|150524133713_NP_2018,EPI2168932|150524133713_NA_2018,EPI2168928|150524133713_MP_2018,EPI2168927|150524133713_NS_2018,,,A/Michigan/UOM150524133713/2018,A / H3N2
EPI_ISL_14925645,EPI2168938|150524133712_PB2_2018,EPI2168939|150524133712_PB1_2018,EPI2168937|150524133712_PA_2018,EPI2168941|150524133712_HA_2018,EPI2168934|150524133712_NP_2018,EPI2168940|150524133712_NA_2018,EPI2168936|150524133712_MP_2018,EPI2168935|150524133712_NS_2018,,,A/Michigan/UOM150524133712/2018,A / H3N2
EPI_ISL_14925646,EPI2168946|150524133714_PB2_2018,EPI2168947|150524133714_PB1_2018,EPI2168945|150524133714_PA_2018,EPI2168949|150524133714_HA_2018,EPI2168942|150524133714_NP_2018,EPI2168948|150524133714_NA_2018,EPI2168944|150524133714_MP_2018,EPI2168943|150524133714_NS_2018,,,A/Michigan/UOM150524133714/2018,A / H3N2
EPI_ISL_14925647,EPI2168954|150524133715_PB2_2018,EPI2168955|150524133715_PB1_2018,EPI2168953|150524133715_PA_2018,EPI2168957|150524133715_HA_2018,EPI2168950|150524133715_NP_2018,EPI2168956|150524133715_NA_2018,EPI2168952|150524133715_MP_2018,EPI2168951|150524133715_NS_2018,,,A/Michigan/UOM150524133715/2018,A / H3N2
EPI_ISL_14925648,EPI2168962|150524133716_PB2_2018,EPI2168963|150524133716_PB1_2018,EPI2168961|150524133716_PA_2018,EPI2168965|150524133716_HA_2018,EPI2168958|150524133716_NP_2018,EPI2168964|150524133716_NA_2018,EPI2168960|150524133716_MP_2018,EPI2168959|150524133716_NS_2018,,,A/Michigan/UOM150524133716/2018,A / H3N2
EPI_ISL_14925649,EPI2168970|150524133717_PB2_2018,EPI2168971|150524133717_PB1_2018,EPI2168969|150524133717_PA_2018,EPI2168973|150524133717_HA_2018,EPI2168966|150524133717_NP_2018,EPI2168972|150524133717_NA_2018,EPI2168968|150524133717_MP_2018,EPI2168967|150524133717_NS_2018,,,A/Michigan/UOM150524133717/2018,A / H3N2
EPI_ISL_14925650,EPI2168978|150524133718_PB2_2018,EPI2168979|150524133718_PB1_2018,EPI2168977|150524133718_PA_2018,EPI2168981|150524133718_HA_2018,EPI2168974|150524133718_NP_2018,EPI2168980|150524133718_NA_2018,EPI2168976|150524133718_MP_2018,EPI2168975|150524133718_NS_2018,,,A/Michigan/UOM150524133718/2018,A / H3N2
EPI_ISL_14925651,EPI2168986|150524133719_PB2_2018,EPI2168987|150524133719_PB1_2018,EPI2168985|150524133719_PA_2018,EPI2168989|150524133719_HA_2018,EPI2168982|150524133719_NP_2018,EPI2168988|150524133719_NA_2018,EPI2168984|150524133719_MP_2018,EPI2168983|150524133719_NS_2018,,,A/Michigan/UOM150524133719/2018,A / H3N2
EPI_ISL_14925652,EPI2168994|150524133720_PB2_2018,EPI2168995|150524133720_PB1_2018,EPI2168993|150524133720_PA_2018,EPI2168997|150524133720_HA_2018,EPI2168990|150524133720_NP_2018,EPI2168996|150524133720_NA_2018,EPI2168992|150524133720_MP_2018,EPI2168991|150524133720_NS_2018,,,A/Michigan/UOM150524133720/2018,A / H3N2
EPI_ISL_14925653,EPI2169002|150524133721_PB2_2018,EPI2169003|150524133721_PB1_2018,EPI2169001|150524133721_PA_2018,EPI2169005|150524133721_HA_2018,EPI2168998|150524133721_NP_2018,EPI2169004|150524133721_NA_2018,EPI2169000|150524133721_MP_2018,EPI2168999|150524133721_NS_2018,,,A/Michigan/UOM150524133721/2018,A / H3N2
EPI_ISL_14925654,EPI2169010|150524133724_PB2_2018,EPI2169011|150524133724_PB1_2018,EPI2169009|150524133724_PA_2018,EPI2169013|150524133724_HA_2018,EPI2169006|150524133724_NP_2018,EPI2169012|150524133724_NA_2018,EPI2169008|150524133724_MP_2018,EPI2169007|150524133724_NS_2018,,,A/Michigan/UOM150524133724/2018,A / H3N2
EPI_ISL_14925655,EPI2169018|150524133725_PB2_2018,EPI2169019|150524133725_PB1_2018,EPI2169017|150524133725_PA_2018,EPI2169021|150524133725_HA_2018,EPI2169014|150524133725_NP_2018,EPI2169020|150524133725_NA_2018,EPI2169016|150524133725_MP_2018,EPI2169015|150524133725_NS_2018,,,A/Michigan/UOM150524133725/2018,A / H3N2
EPI_ISL_14925656,EPI2169026|150524133726_PB2_2018,EPI2169027|150524133726_PB1_2018,EPI2169025|150524133726_PA_2018,EPI2169029|150524133726_HA_2018,EPI2169022|150524133726_NP_2018,EPI2169028|150524133726_NA_2018,EPI2169024|150524133726_MP_2018,EPI2169023|150524133726_NS_2018,,,A/Michigan/UOM150524133726/2018,A / H3N2
EPI_ISL_14925657,EPI2169034|150524133727_PB2_2018,EPI2169035|150524133727_PB1_2018,EPI2169033|150524133727_PA_2018,EPI2169037|150524133727_HA_2018,EPI2169030|150524133727_NP_2018,EPI2169036|150524133727_NA_2018,EPI2169032|150524133727_MP_2018,EPI2169031|150524133727_NS_2018,,,A/Michigan/UOM150524133727/2018,A / H3N2
EPI_ISL_14925658,EPI2169042|150524133728_PB2_2018,EPI2169043|150524133728_PB1_2018,EPI2169041|150524133728_PA_2018,EPI2169045|150524133728_HA_2018,EPI2169038|150524133728_NP_2018,EPI2169044|150524133728_NA_2018,EPI2169040|150524133728_MP_2018,EPI2169039|150524133728_NS_2018,,,A/Michigan/UOM150524133728/2018,A / H3N2
EPI_ISL_14925659,EPI2169050|150524133730_PB2_2018,EPI2169051|150524133730_PB1_2018,EPI2169049|150524133730_PA_2018,EPI2169053|150524133730_HA_2018,EPI2169046|150524133730_NP_2018,EPI2169052|150524133730_NA_2018,EPI2169048|150524133730_MP_2018,EPI2169047|150524133730_NS_2018,,,A/Michigan/UOM150524133730/2018,A / H3N2
EPI_ISL_14925660,EPI2169058|150524133731_PB2_2018,EPI2169059|150524133731_PB1_2018,EPI2169057|150524133731_PA_2018,EPI2169061|150524133731_HA_2018,EPI2169054|150524133731_NP_2018,EPI2169060|150524133731_NA_2018,EPI2169056|150524133731_MP_2018,EPI2169055|150524133731_NS_2018,,,A/Michigan/UOM150524133731/2018,A / H3N2
EPI_ISL_14925661,EPI2169066|150524133732_PB2_2018,EPI2169067|150524133732_PB1_2018,EPI2169065|150524133732_PA_2018,EPI2169069|150524133732_HA_2018,EPI2169062|150524133732_NP_2018,EPI2169068|150524133732_NA_2018,EPI2169064|150524133732_MP_2018,EPI2169063|150524133732_NS_2018,,,A/Michigan/UOM150524133732/2018,A / H3N2
EPI_ISL_14925662,EPI2169074|150524133735_PB2_2018,EPI2169075|150524133735_PB1_2018,EPI2169073|150524133735_PA_2018,EPI2169077|150524133735_HA_2018,EPI2169070|150524133735_NP_2018,EPI2169076|150524133735_NA_2018,EPI2169072|150524133735_MP_2018,EPI2169071|150524133735_NS_2018,,,A/Michigan/UOM150524133735/2018,A / H3N2
EPI_ISL_14925663,EPI2169082|150524133842_PB2_2018,EPI2169083|150524133842_PB1_2018,EPI2169081|150524133842_PA_2018,EPI2169085|150524133842_HA_2018,EPI2169078|150524133842_NP_2018,EPI2169084|150524133842_NA_2018,EPI2169080|150524133842_MP_2018,EPI2169079|150524133842_NS_2018,,,A/Michigan/UOM150524133842/2018,A / H3N2
EPI_ISL_14925664,EPI2169090|150524133736_PB2_2018,EPI2169091|150524133736_PB1_2018,EPI2169089|150524133736_PA_2018,EPI2169093|150524133736_HA_2018,EPI2169086|150524133736_NP_2018,EPI2169092|150524133736_NA_2018,EPI2169088|150524133736_MP_2018,EPI2169087|150524133736_NS_2018,,,A/Michigan/UOM150524133736/2018,A / H3N2
EPI_ISL_14925665,EPI2169098|150524133737_PB2_2018,EPI2169099|150524133737_PB1_2018,EPI2169097|150524133737_PA_2018,EPI2169101|150524133737_HA_2018,EPI2169094|150524133737_NP_2018,EPI2169100|150524133737_NA_2018,EPI2169096|150524133737_MP_2018,EPI2169095|150524133737_NS_2018,,,A/Michigan/UOM150524133737/2018,A / H3N2
EPI_ISL_14925666,EPI2169106|150524133738_PB2_2018,EPI2169107|150524133738_PB1_2018,EPI2169105|150524133738_PA_2018,EPI2169109|150524133738_HA_2018,EPI2169102|150524133738_NP_2018,EPI2169108|150524133738_NA_2018,EPI2169104|150524133738_MP_2018,EPI2169103|150524133738_NS_2018,,,A/Michigan/UOM150524133738/2018,A / H3N2
EPI_ISL_14925667,EPI2169114|150524133739_PB2_2018,EPI2169115|150524133739_PB1_2018,EPI2169113|150524133739_PA_2018,EPI2169117|150524133739_HA_2018,EPI2169110|150524133739_NP_2018,EPI2169116|150524133739_NA_2018,EPI2169112|150524133739_MP_2018,EPI2169111|150524133739_NS_2018,,,A/Michigan/UOM150524133739/2018,A / H3N2
EPI_ISL_14925668,EPI2169122|150524133740_PB2_2018,EPI2169123|150524133740_PB1_2018,EPI2169121|150524133740_PA_2018,EPI2169125|150524133740_HA_2018,EPI2169118|150524133740_NP_2018,EPI2169124|150524133740_NA_2018,EPI2169120|150524133740_MP_2018,EPI2169119|150524133740_NS_2018,,,A/Michigan/UOM150524133740/2018,A / H3N2
EPI_ISL_14925669,EPI2169130|150524133741_PB2_2018,EPI2169131|150524133741_PB1_2018,EPI2169129|150524133741_PA_2018,EPI2169133|150524133741_HA_2018,EPI2169126|150524133741_NP_2018,EPI2169132|150524133741_NA_2018,EPI2169128|150524133741_MP_2018,EPI2169127|150524133741_NS_2018,,,A/Michigan/UOM150524133741/2018,A / H3N2
EPI_ISL_14925670,EPI2169138|150524133742_PB2_2018,EPI2169139|150524133742_PB1_2018,EPI2169137|150524133742_PA_2018,EPI2169141|150524133742_HA_2018,EPI2169134|150524133742_NP_2018,EPI2169140|150524133742_NA_2018,EPI2169136|150524133742_MP_2018,EPI2169135|150524133742_NS_2018,,,A/Michigan/UOM150524133742/2018,A / H3N2
EPI_ISL_14925671,EPI2169146|150524133744_PB2_2018,EPI2169147|150524133744_PB1_2018,EPI2169145|150524133744_PA_2018,EPI2169149|150524133744_HA_2018,EPI2169142|150524133744_NP_2018,EPI2169148|150524133744_NA_2018,EPI2169144|150524133744_MP_2018,EPI2169143|150524133744_NS_2018,,,A/Michigan/UOM150524133744/2018,A / H3N2
EPI_ISL_14925672,EPI2169154|150524133745_PB2_2018,EPI2169155|150524133745_PB1_2018,EPI2169153|150524133745_PA_2018,EPI2169157|150524133745_HA_2018,EPI2169150|150524133745_NP_2018,EPI2169156|150524133745_NA_2018,EPI2169152|150524133745_MP_2018,EPI2169151|150524133745_NS_2018,,,A/Michigan/UOM150524133745/2018,A / H3N2
EPI_ISL_14925673,EPI2169162|150524133843_PB2_2018,EPI2169163|150524133843_PB1_2018,EPI2169161|150524133843_PA_2018,EPI2169165|150524133843_HA_2018,EPI2169158|150524133843_NP_2018,EPI2169164|150524133843_NA_2018,EPI2169160|150524133843_MP_2018,EPI2169159|150524133843_NS_2018,,,A/Michigan/UOM150524133843/2018,A / H3N2
EPI_ISL_14925677,EPI2169170|150524133746_PB2_2018,EPI2169171|150524133746_PB1_2018,EPI2169169|150524133746_PA_2018,EPI2169173|150524133746_HA_2018,EPI2169166|150524133746_NP_2018,EPI2169172|150524133746_NA_2018,EPI2169168|150524133746_MP_2018,EPI2169167|150524133746_NS_2018,,,A/Michigan/UOM150524133746/2018,A / H3N2
EPI_ISL_14925678,EPI2169178|150524133747_PB2_2018,EPI2169179|150524133747_PB1_2018,EPI2169177|150524133747_PA_2018,EPI2169181|150524133747_HA_2018,EPI2169174|150524133747_NP_2018,EPI2169180|150524133747_NA_2018,EPI2169176|150524133747_MP_2018,EPI2169175|150524133747_NS_2018,,,A/Michigan/UOM150524133747/2018,A / H3N2
EPI_ISL_14925679,EPI2169186|150524133844_PB2_2018,EPI2169187|150524133844_PB1_2018,EPI2169185|150524133844_PA_2018,EPI2169189|150524133844_HA_2018,EPI2169182|150524133844_NP_2018,EPI2169188|150524133844_NA_2018,EPI2169184|150524133844_MP_2018,EPI2169183|150524133844_NS_2018,,,A/Michigan/UOM150524133844/2018,A / H3N2
EPI_ISL_14925680,EPI2169194|150524133749_PB2_2018,EPI2169195|150524133749_PB1_2018,EPI2169193|150524133749_PA_2018,EPI2169197|150524133749_HA_2018,EPI2169190|150524133749_NP_2018,EPI2169196|150524133749_NA_2018,EPI2169192|150524133749_MP_2018,EPI2169191|150524133749_NS_2018,,,A/Michigan/UOM150524133749/2018,A / H3N2
EPI_ISL_14925681,EPI2169202|150524133750_PB2_2018,EPI2169203|150524133750_PB1_2018,EPI2169201|150524133750_PA_2018,EPI2169205|150524133750_HA_2018,EPI2169198|150524133750_NP_2018,EPI2169204|150524133750_NA_2018,EPI2169200|150524133750_MP_2018,EPI2169199|150524133750_NS_2018,,,A/Michigan/UOM150524133750/2018,A / H3N2
EPI_ISL_14925682,EPI2169210|150524133751_PB2_2018,EPI2169211|150524133751_PB1_2018,EPI2169209|150524133751_PA_2018,EPI2169213|150524133751_HA_2018,EPI2169206|150524133751_NP_2018,EPI2169212|150524133751_NA_2018,EPI2169208|150524133751_MP_2018,EPI2169207|150524133751_NS_2018,,,A/Michigan/UOM150524133751/2018,A / H3N2
EPI_ISL_14925683,EPI2169218|150524133752_PB2_2018,EPI2169219|150524133752_PB1_2018,EPI2169217|150524133752_PA_2018,EPI2169221|150524133752_HA_2018,EPI2169214|150524133752_NP_2018,EPI2169220|150524133752_NA_2018,EPI2169216|150524133752_MP_2018,EPI2169215|150524133752_NS_2018,,,A/Michigan/UOM150524133752/2018,A / H3N2
EPI_ISL_14925684,EPI2169226|150524133753_PB2_2018,EPI2169227|150524133753_PB1_2018,EPI2169225|150524133753_PA_2018,EPI2169229|150524133753_HA_2018,EPI2169222|150524133753_NP_2018,EPI2169228|150524133753_NA_2018,EPI2169224|150524133753_MP_2018,EPI2169223|150524133753_NS_2018,,,A/Michigan/UOM150524133753/2018,A / H3N2
EPI_ISL_14925685,EPI2169234|150524133754_PB2_2018,EPI2169235|150524133754_PB1_2018,EPI2169233|150524133754_PA_2018,EPI2169237|150524133754_HA_2018,EPI2169230|150524133754_NP_2018,EPI2169236|150524133754_NA_2018,EPI2169232|150524133754_MP_2018,EPI2169231|150524133754_NS_2018,,,A/Michigan/UOM150524133754/2018,A / H3N2
EPI_ISL_14925686,EPI2169242|150524133756_PB2_2018,EPI2169243|150524133756_PB1_2018,EPI2169241|150524133756_PA_2018,EPI2169245|150524133756_HA_2018,EPI2169238|150524133756_NP_2018,EPI2169244|150524133756_NA_2018,EPI2169240|150524133756_MP_2018,EPI2169239|150524133756_NS_2018,,,A/Michigan/UOM150524133756/2018,A / H3N2
EPI_ISL_14925687,EPI2169250|150524133759_PB2_2018,EPI2169251|150524133759_PB1_2018,EPI2169249|150524133759_PA_2018,EPI2169253|150524133759_HA_2018,EPI2169246|150524133759_NP_2018,EPI2169252|150524133759_NA_2018,EPI2169248|150524133759_MP_2018,EPI2169247|150524133759_NS_2018,,,A/Michigan/UOM150524133759/2018,A / H3N2
EPI_ISL_14925688,EPI2169258|150524133760_PB2_2018,EPI2169259|150524133760_PB1_2018,EPI2169257|150524133760_PA_2018,EPI2169261|150524133760_HA_2018,EPI2169254|150524133760_NP_2018,EPI2169260|150524133760_NA_2018,EPI2169256|150524133760_MP_2018,EPI2169255|150524133760_NS_2018,,,A/Michigan/UOM150524133760/2018,A / H3N2
EPI_ISL_14925689,EPI2169266|150524133845_PB2_2018,EPI2169267|150524133845_PB1_2018,EPI2169265|150524133845_PA_2018,EPI2169269|150524133845_HA_2018,EPI2169262|150524133845_NP_2018,EPI2169268|150524133845_NA_2018,EPI2169264|150524133845_MP_2018,EPI2169263|150524133845_NS_2018,,,A/Michigan/UOM150524133845/2018,A / H3N2
EPI_ISL_14925690,EPI2169274|150524133763_PB2_2018,EPI2169275|150524133763_PB1_2018,EPI2169273|150524133763_PA_2018,EPI2169277|150524133763_HA_2018,EPI2169270|150524133763_NP_2018,EPI2169276|150524133763_NA_2018,EPI2169272|150524133763_MP_2018,EPI2169271|150524133763_NS_2018,,,A/Michigan/UOM150524133763/2018,A / H3N2
EPI_ISL_14925691,EPI2169282|150524133764_PB2_2018,EPI2169283|150524133764_PB1_2018,EPI2169281|150524133764_PA_2018,EPI2169285|150524133764_HA_2018,EPI2169278|150524133764_NP_2018,EPI2169284|150524133764_NA_2018,EPI2169280|150524133764_MP_2018,EPI2169279|150524133764_NS_2018,,,A/Michigan/UOM150524133764/2018,A / H3N2
EPI_ISL_14925692,EPI2169290|150524133765_PB2_2018,EPI2169291|150524133765_PB1_2018,EPI2169289|150524133765_PA_2018,EPI2169293|150524133765_HA_2018,EPI2169286|150524133765_NP_2018,EPI2169292|150524133765_NA_2018,EPI2169288|150524133765_MP_2018,EPI2169287|150524133765_NS_2018,,,A/Michigan/UOM150524133765/2018,A / H3N2
EPI_ISL_14925693,EPI2169298|150524133766_PB2_2018,EPI2169299|150524133766_PB1_2018,EPI2169297|150524133766_PA_2018,EPI2169301|150524133766_HA_2018,EPI2169294|150524133766_NP_2018,EPI2169300|150524133766_NA_2018,EPI2169296|150524133766_MP_2018,EPI2169295|150524133766_NS_2018,,,A/Michigan/UOM150524133766/2018,A / H3N2
EPI_ISL_14925694,EPI2169306|150524133769_PB2_2018,EPI2169307|150524133769_PB1_2018,EPI2169305|150524133769_PA_2018,EPI2169309|150524133769_HA_2018,EPI2169302|150524133769_NP_2018,EPI2169308|150524133769_NA_2018,EPI2169304|150524133769_MP_2018,EPI2169303|150524133769_NS_2018,,,A/Michigan/UOM150524133769/2018,A / H3N2
EPI_ISL_14925695,EPI2169314|150524133770_PB2_2018,EPI2169315|150524133770_PB1_2018,EPI2169313|150524133770_PA_2018,EPI2169317|150524133770_HA_2018,EPI2169310|150524133770_NP_2018,EPI2169316|150524133770_NA_2018,EPI2169312|150524133770_MP_2018,EPI2169311|150524133770_NS_2018,,,A/Michigan/UOM150524133770/2018,A / H3N2
EPI_ISL_14925696,EPI2169322|150524133771_PB2_2018,EPI2169323|150524133771_PB1_2018,EPI2169321|150524133771_PA_2018,EPI2169325|150524133771_HA_2018,EPI2169318|150524133771_NP_2018,EPI2169324|150524133771_NA_2018,EPI2169320|150524133771_MP_2018,EPI2169319|150524133771_NS_2018,,,A/Michigan/UOM150524133771/2018,A / H3N2
EPI_ISL_14925697,EPI2169330|150524133773_PB2_2018,EPI2169331|150524133773_PB1_2018,EPI2169329|150524133773_PA_2018,EPI2169333|150524133773_HA_2018,EPI2169326|150524133773_NP_2018,EPI2169332|150524133773_NA_2018,EPI2169328|150524133773_MP_2018,EPI2169327|150524133773_NS_2018,,,A/Michigan/UOM150524133773/2018,A / H3N2
EPI_ISL_14925698,EPI2169338|150524133772_PB2_2018,EPI2169339|150524133772_PB1_2018,EPI2169337|150524133772_PA_2018,EPI2169341|150524133772_HA_2018,EPI2169334|150524133772_NP_2018,EPI2169340|150524133772_NA_2018,EPI2169336|150524133772_MP_2018,EPI2169335|150524133772_NS_2018,,,A/Michigan/UOM150524133772/2018,A / H3N2
EPI_ISL_14925699,EPI2169346|150524133774_PB2_2018,EPI2169347|150524133774_PB1_2018,EPI2169345|150524133774_PA_2018,EPI2169349|150524133774_HA_2018,EPI2169342|150524133774_NP_2018,EPI2169348|150524133774_NA_2018,EPI2169344|150524133774_MP_2018,EPI2169343|150524133774_NS_2018,,,A/Michigan/UOM150524133774/2018,A / H3N2
EPI_ISL_14925700,EPI2169354|150524133776_PB2_2018,EPI2169355|150524133776_PB1_2018,EPI2169353|150524133776_PA_2018,EPI2169357|150524133776_HA_2018,EPI2169350|150524133776_NP_2018,EPI2169356|150524133776_NA_2018,EPI2169352|150524133776_MP_2018,EPI2169351|150524133776_NS_2018,,,A/Michigan/UOM150524133776/2018,A / H3N2
EPI_ISL_14925701,EPI2169362|150524133777_PB2_2018,EPI2169363|150524133777_PB1_2018,EPI2169361|150524133777_PA_2018,EPI2169365|150524133777_HA_2018,EPI2169358|150524133777_NP_2018,EPI2169364|150524133777_NA_2018,EPI2169360|150524133777_MP_2018,EPI2169359|150524133777_NS_2018,,,A/Michigan/UOM150524133777/2018,A / H3N2
EPI_ISL_14925702,EPI2169370|150524133778_PB2_2018,EPI2169371|150524133778_PB1_2018,EPI2169369|150524133778_PA_2018,EPI2169373|150524133778_HA_2018,EPI2169366|150524133778_NP_2018,EPI2169372|150524133778_NA_2018,EPI2169368|150524133778_MP_2018,EPI2169367|150524133778_NS_2018,,,A/Michigan/UOM150524133778/2018,A / H3N2
EPI_ISL_14925703,EPI2169378|150524133779_PB2_2018,EPI2169379|150524133779_PB1_2018,EPI2169377|150524133779_PA_2018,EPI2169381|150524133779_HA_2018,EPI2169374|150524133779_NP_2018,EPI2169380|150524133779_NA_2018,EPI2169376|150524133779_MP_2018,EPI2169375|150524133779_NS_2018,,,A/Michigan/UOM150524133779/2018,A / H3N2
EPI_ISL_14925704,EPI2169386|150524133780_PB2_2018,EPI2169387|150524133780_PB1_2018,EPI2169385|150524133780_PA_2018,EPI2169389|150524133780_HA_2018,EPI2169382|150524133780_NP_2018,EPI2169388|150524133780_NA_2018,EPI2169384|150524133780_MP_2018,EPI2169383|150524133780_NS_2018,,,A/Michigan/UOM150524133780/2018,A / H3N2
EPI_ISL_14925705,EPI2169394|150524133846_PB2_2018,EPI2169395|150524133846_PB1_2018,EPI2169393|150524133846_PA_2018,EPI2169397|150524133846_HA_2018,EPI2169390|150524133846_NP_2018,EPI2169396|150524133846_NA_2018,EPI2169392|150524133846_MP_2018,EPI2169391|150524133846_NS_2018,,,A/Michigan/UOM150524133846/2018,A / H3N2
EPI_ISL_14925706,EPI2169402|150524133862_PB2_2018,EPI2169403|150524133862_PB1_2018,EPI2169401|150524133862_PA_2018,EPI2169405|150524133862_HA_2018,EPI2169398|150524133862_NP_2018,EPI2169404|150524133862_NA_2018,EPI2169400|150524133862_MP_2018,EPI2169399|150524133862_NS_2018,,,A/Michigan/UOM150524133862/2018,A / H3N2
EPI_ISL_14925707,EPI2169410|150524133863_PB2_2018,EPI2169411|150524133863_PB1_2018,EPI2169409|150524133863_PA_2018,EPI2169413|150524133863_HA_2018,EPI2169406|150524133863_NP_2018,EPI2169412|150524133863_NA_2018,EPI2169408|150524133863_MP_2018,EPI2169407|150524133863_NS_2018,,,A/Michigan/UOM150524133863/2018,A / H3N2
EPI_ISL_14925708,EPI2169418|150524133785_PB2_2018,EPI2169419|150524133785_PB1_2018,EPI2169417|150524133785_PA_2018,EPI2169421|150524133785_HA_2018,EPI2169414|150524133785_NP_2018,EPI2169420|150524133785_NA_2018,EPI2169416|150524133785_MP_2018,EPI2169415|150524133785_NS_2018,,,A/Michigan/UOM150524133785/2018,A / H3N2
EPI_ISL_14925709,EPI2169426|150524133847_PB2_2018,EPI2169427|150524133847_PB1_2018,EPI2169425|150524133847_PA_2018,EPI2169429|150524133847_HA_2018,EPI2169422|150524133847_NP_2018,EPI2169428|150524133847_NA_2018,EPI2169424|150524133847_MP_2018,EPI2169423|150524133847_NS_2018,,,A/Michigan/UOM150524133847/2018,A / H3N2
EPI_ISL_14925710,EPI2169434|150524133848_PB2_2018,EPI2169435|150524133848_PB1_2018,EPI2169433|150524133848_PA_2018,EPI2169437|150524133848_HA_2018,EPI2169430|150524133848_NP_2018,EPI2169436|150524133848_NA_2018,EPI2169432|150524133848_MP_2018,EPI2169431|150524133848_NS_2018,,,A/Michigan/UOM150524133848/2018,A / H3N2
EPI_ISL_14925711,EPI2169442|150524133788_PB2_2018,EPI2169443|150524133788_PB1_2018,EPI2169441|150524133788_PA_2018,EPI2169445|150524133788_HA_2018,EPI2169438|150524133788_NP_2018,EPI2169444|150524133788_NA_2018,EPI2169440|150524133788_MP_2018,EPI2169439|150524133788_NS_2018,,,A/Michigan/UOM150524133788/2018,A / H3N2
EPI_ISL_14925712,EPI2169450|150524133849_PB2_2018,EPI2169451|150524133849_PB1_2018,EPI2169449|150524133849_PA_2018,EPI2169453|150524133849_HA_2018,EPI2169446|150524133849_NP_2018,EPI2169452|150524133849_NA_2018,EPI2169448|150524133849_MP_2018,EPI2169447|150524133849_NS_2018,,,A/Michigan/UOM150524133849/2018,A / H3N2
EPI_ISL_14925713,EPI2169458|150524133789_PB2_2018,EPI2169459|150524133789_PB1_2018,EPI2169457|150524133789_PA_2018,EPI2169461|150524133789_HA_2018,EPI2169454|150524133789_NP_2018,EPI2169460|150524133789_NA_2018,EPI2169456|150524133789_MP_2018,EPI2169455|150524133789_NS_2018,,,A/Michigan/UOM150524133789/2018,A / H3N2
EPI_ISL_14925714,EPI2169466|150524133790_PB2_2018,EPI2169467|150524133790_PB1_2018,EPI2169465|150524133790_PA_2018,EPI2169469|150524133790_HA_2018,EPI2169462|150524133790_NP_2018,EPI2169468|150524133790_NA_2018,EPI2169464|150524133790_MP_2018,EPI2169463|150524133790_NS_2018,,,A/Michigan/UOM150524133790/2018,A / H3N2
EPI_ISL_14925715,EPI2169474|150524133791_PB2_2018,EPI2169475|150524133791_PB1_2018,EPI2169473|150524133791_PA_2018,EPI2169477|150524133791_HA_2018,EPI2169470|150524133791_NP_2018,EPI2169476|150524133791_NA_2018,EPI2169472|150524133791_MP_2018,EPI2169471|150524133791_NS_2018,,,A/Michigan/UOM150524133791/2018,A / H3N2
EPI_ISL_14925716,EPI2169482|150524133850_PB2_2018,EPI2169483|150524133850_PB1_2018,EPI2169481|150524133850_PA_2018,EPI2169485|150524133850_HA_2018,EPI2169478|150524133850_NP_2018,EPI2169484|150524133850_NA_2018,EPI2169480|150524133850_MP_2018,EPI2169479|150524133850_NS_2018,,,A/Michigan/UOM150524133850/2018,A / H3N2
EPI_ISL_14925717,EPI2169490|150524133792_PB2_2018,EPI2169491|150524133792_PB1_2018,EPI2169489|150524133792_PA_2018,EPI2169493|150524133792_HA_2018,EPI2169486|150524133792_NP_2018,EPI2169492|150524133792_NA_2018,EPI2169488|150524133792_MP_2018,EPI2169487|150524133792_NS_2018,,,A/Michigan/UOM150524133792/2018,A / H3N2
EPI_ISL_14925718,EPI2169498|150524133794_PB2_2018,EPI2169499|150524133794_PB1_2018,EPI2169497|150524133794_PA_2018,EPI2169501|150524133794_HA_2018,EPI2169494|150524133794_NP_2018,EPI2169500|150524133794_NA_2018,EPI2169496|150524133794_MP_2018,EPI2169495|150524133794_NS_2018,,,A/Michigan/UOM150524133794/2018,A / H3N2
EPI_ISL_14925719,EPI2169506|150524133796_PB2_2018,EPI2169507|150524133796_PB1_2018,EPI2169505|150524133796_PA_2018,EPI2169509|150524133796_HA_2018,EPI2169502|150524133796_NP_2018,EPI2169508|150524133796_NA_2018,EPI2169504|150524133796_MP_2018,EPI2169503|150524133796_NS_2018,,,A/Michigan/UOM150524133796/2018,A / H3N2
EPI_ISL_14925720,EPI2169514|150524133800_PB2_2018,EPI2169515|150524133800_PB1_2018,EPI2169513|150524133800_PA_2018,EPI2169517|150524133800_HA_2018,EPI2169510|150524133800_NP_2018,EPI2169516|150524133800_NA_2018,EPI2169512|150524133800_MP_2018,EPI2169511|150524133800_NS_2018,,,A/Michigan/UOM150524133800/2018,A / H3N2
EPI_ISL_14925721,EPI2169522|150524133799_PB2_2018,EPI2169523|150524133799_PB1_2018,EPI2169521|150524133799_PA_2018,EPI2169525|150524133799_HA_2018,EPI2169518|150524133799_NP_2018,EPI2169524|150524133799_NA_2018,EPI2169520|150524133799_MP_2018,EPI2169519|150524133799_NS_2018,,,A/Michigan/UOM150524133799/2018,A / H3N2
EPI_ISL_14925722,EPI2169530|150524133852_PB2_2018,EPI2169531|150524133852_PB1_2018,EPI2169529|150524133852_PA_2018,EPI2169533|150524133852_HA_2018,EPI2169526|150524133852_NP_2018,EPI2169532|150524133852_NA_2018,EPI2169528|150524133852_MP_2018,EPI2169527|150524133852_NS_2018,,,A/Michigan/UOM150524133852/2018,A / H3N2
EPI_ISL_14925723,EPI2169538|150524133802_PB2_2018,EPI2169539|150524133802_PB1_2018,EPI2169537|150524133802_PA_2018,EPI2169541|150524133802_HA_2018,EPI2169534|150524133802_NP_2018,EPI2169540|150524133802_NA_2018,EPI2169536|150524133802_MP_2018,EPI2169535|150524133802_NS_2018,,,A/Michigan/UOM150524133802/2018,A / H3N2
EPI_ISL_14925724,EPI2169546|150524133803_PB2_2018,EPI2169547|150524133803_PB1_2018,EPI2169545|150524133803_PA_2018,EPI2169549|150524133803_HA_2018,EPI2169542|150524133803_NP_2018,EPI2169548|150524133803_NA_2018,EPI2169544|150524133803_MP_2018,EPI2169543|150524133803_NS_2018,,,A/Michigan/UOM150524133803/2018,A / H3N2
EPI_ISL_14925725,EPI2169554|150524133804_PB2_2018,EPI2169555|150524133804_PB1_2018,EPI2169553|150524133804_PA_2018,EPI2169557|150524133804_HA_2018,EPI2169550|150524133804_NP_2018,EPI2169556|150524133804_NA_2018,EPI2169552|150524133804_MP_2018,EPI2169551|150524133804_NS_2018,,,A/Michigan/UOM150524133804/2018,A / H3N2
EPI_ISL_14925726,EPI2169562|150524133805_PB2_2018,EPI2169563|150524133805_PB1_2018,EPI2169561|150524133805_PA_2018,EPI2169565|150524133805_HA_2018,EPI2169558|150524133805_NP_2018,EPI2169564|150524133805_NA_2018,EPI2169560|150524133805_MP_2018,EPI2169559|150524133805_NS_2018,,,A/Michigan/UOM150524133805/2018,A / H3N2
EPI_ISL_14925727,EPI2169570|150524133853_PB2_2018,EPI2169571|150524133853_PB1_2018,EPI2169569|150524133853_PA_2018,EPI2169573|150524133853_HA_2018,EPI2169566|150524133853_NP_2018,EPI2169572|150524133853_NA_2018,EPI2169568|150524133853_MP_2018,EPI2169567|150524133853_NS_2018,,,A/Michigan/UOM150524133853/2018,A / H3N2
EPI_ISL_14925728,EPI2169578|150524133807_PB2_2018,EPI2169579|150524133807_PB1_2018,EPI2169577|150524133807_PA_2018,EPI2169581|150524133807_HA_2018,EPI2169574|150524133807_NP_2018,EPI2169580|150524133807_NA_2018,EPI2169576|150524133807_MP_2018,EPI2169575|150524133807_NS_2018,,,A/Michigan/UOM150524133807/2018,A / H3N2
EPI_ISL_14925729,EPI2169586|150524133810_PB2_2018,EPI2169587|150524133810_PB1_2018,EPI2169585|150524133810_PA_2018,EPI2169589|150524133810_HA_2018,EPI2169582|150524133810_NP_2018,EPI2169588|150524133810_NA_2018,EPI2169584|150524133810_MP_2018,EPI2169583|150524133810_NS_2018,,,A/Michigan/UOM150524133810/2018,A / H3N2
EPI_ISL_14925730,EPI2169594|150524133811_PB2_2018,EPI2169595|150524133811_PB1_2018,EPI2169593|150524133811_PA_2018,EPI2169597|150524133811_HA_2018,EPI2169590|150524133811_NP_2018,EPI2169596|150524133811_NA_2018,EPI2169592|150524133811_MP_2018,EPI2169591|150524133811_NS_2018,,,A/Michigan/UOM150524133811/2018,A / H3N2
EPI_ISL_14925731,EPI2169602|150524133812_PB2_2018,EPI2169603|150524133812_PB1_2018,EPI2169601|150524133812_PA_2018,EPI2169605|150524133812_HA_2018,EPI2169598|150524133812_NP_2018,EPI2169604|150524133812_NA_2018,EPI2169600|150524133812_MP_2018,EPI2169599|150524133812_NS_2018,,,A/Michigan/UOM150524133812/2018,A / H3N2
EPI_ISL_14925732,EPI2169610|150524133813_PB2_2018,EPI2169611|150524133813_PB1_2018,EPI2169609|150524133813_PA_2018,EPI2169613|150524133813_HA_2018,EPI2169606|150524133813_NP_2018,EPI2169612|150524133813_NA_2018,EPI2169608|150524133813_MP_2018,EPI2169607|150524133813_NS_2018,,,A/Michigan/UOM150524133813/2018,A / H3N2
EPI_ISL_14925733,EPI2169618|150524133814_PB2_2018,EPI2169619|150524133814_PB1_2018,EPI2169617|150524133814_PA_2018,EPI2169621|150524133814_HA_2018,EPI2169614|150524133814_NP_2018,EPI2169620|150524133814_NA_2018,EPI2169616|150524133814_MP_2018,EPI2169615|150524133814_NS_2018,,,A/Michigan/UOM150524133814/2018,A / H3N2
EPI_ISL_14925734,EPI2169626|150524133815_PB2_2018,EPI2169627|150524133815_PB1_2018,EPI2169625|150524133815_PA_2018,EPI2169629|150524133815_HA_2018,EPI2169622|150524133815_NP_2018,EPI2169628|150524133815_NA_2018,EPI2169624|150524133815_MP_2018,EPI2169623|150524133815_NS_2018,,,A/Michigan/UOM150524133815/2018,A / H3N2
EPI_ISL_14925735,EPI2169634|150524133817_PB2_2018,EPI2169635|150524133817_PB1_2018,EPI2169633|150524133817_PA_2018,EPI2169637|150524133817_HA_2018,EPI2169630|150524133817_NP_2018,EPI2169636|150524133817_NA_2018,EPI2169632|150524133817_MP_2018,EPI2169631|150524133817_NS_2018,,,A/Michigan/UOM150524133817/2018,A / H3N2
EPI_ISL_14925736,EPI2169642|150524133818_PB2_2018,EPI2169643|150524133818_PB1_2018,EPI2169641|150524133818_PA_2018,EPI2169645|150524133818_HA_2018,EPI2169638|150524133818_NP_2018,EPI2169644|150524133818_NA_2018,EPI2169640|150524133818_MP_2018,EPI2169639|150524133818_NS_2018,,,A/Michigan/UOM150524133818/2018,A / H3N2
EPI_ISL_14925737,EPI2169650|150524133819_PB2_2018,EPI2169651|150524133819_PB1_2018,EPI2169649|150524133819_PA_2018,EPI2169653|150524133819_HA_2018,EPI2169646|150524133819_NP_2018,EPI2169652|150524133819_NA_2018,EPI2169648|150524133819_MP_2018,EPI2169647|150524133819_NS_2018,,,A/Michigan/UOM150524133819/2018,A / H3N2
EPI_ISL_14925738,EPI2169658|150524133820_PB2_2018,EPI2169659|150524133820_PB1_2018,EPI2169657|150524133820_PA_2018,EPI2169661|150524133820_HA_2018,EPI2169654|150524133820_NP_2018,EPI2169660|150524133820_NA_2018,EPI2169656|150524133820_MP_2018,EPI2169655|150524133820_NS_2018,,,A/Michigan/UOM150524133820/2018,A / H3N2
EPI_ISL_14925739,EPI2169666|150524133859_PB2_2018,EPI2169667|150524133859_PB1_2018,EPI2169665|150524133859_PA_2018,EPI2169669|150524133859_HA_2018,EPI2169662|150524133859_NP_2018,EPI2169668|150524133859_NA_2018,EPI2169664|150524133859_MP_2018,EPI2169663|150524133859_NS_2018,,,A/Michigan/UOM150524133859/2018,A / H3N2
EPI_ISL_14925740,EPI2169674|150524133861_PB2_2018,EPI2169675|150524133861_PB1_2018,EPI2169673|150524133861_PA_2018,EPI2169677|150524133861_HA_2018,EPI2169670|150524133861_NP_2018,EPI2169676|150524133861_NA_2018,EPI2169672|150524133861_MP_2018,EPI2169671|150524133861_NS_2018,,,A/Michigan/UOM150524133861/2018,A / H3N2
EPI_ISL_14925741,EPI2169682|150524133821_PB2_2018,EPI2169683|150524133821_PB1_2018,EPI2169681|150524133821_PA_2018,EPI2169685|150524133821_HA_2018,EPI2169678|150524133821_NP_2018,EPI2169684|150524133821_NA_2018,EPI2169680|150524133821_MP_2018,EPI2169679|150524133821_NS_2018,,,A/Michigan/UOM150524133821/2018,A / H3N2
EPI_ISL_14925742,EPI2169690|150524133822_PB2_2018,EPI2169691|150524133822_PB1_2018,EPI2169689|150524133822_PA_2018,EPI2169693|150524133822_HA_2018,EPI2169686|150524133822_NP_2018,EPI2169692|150524133822_NA_2018,EPI2169688|150524133822_MP_2018,EPI2169687|150524133822_NS_2018,,,A/Michigan/UOM150524133822/2018,A / H3N2
EPI_ISL_14925743,EPI2169698|150524133823_PB2_2018,EPI2169699|150524133823_PB1_2018,EPI2169697|150524133823_PA_2018,EPI2169701|150524133823_HA_2018,EPI2169694|150524133823_NP_2018,EPI2169700|150524133823_NA_2018,EPI2169696|150524133823_MP_2018,EPI2169695|150524133823_NS_2018,,,A/Michigan/UOM150524133823/2018,A / H3N2
EPI_ISL_14925744,EPI2169706|150524133824_PB2_2018,EPI2169707|150524133824_PB1_2018,EPI2169705|150524133824_PA_2018,EPI2169709|150524133824_HA_2018,EPI2169702|150524133824_NP_2018,EPI2169708|150524133824_NA_2018,EPI2169704|150524133824_MP_2018,EPI2169703|150524133824_NS_2018,,,A/Michigan/UOM150524133824/2018,A / H3N2
EPI_ISL_14925745,EPI2169714|150524133825_PB2_2018,EPI2169715|150524133825_PB1_2018,EPI2169713|150524133825_PA_2018,EPI2169717|150524133825_HA_2018,EPI2169710|150524133825_NP_2018,EPI2169716|150524133825_NA_2018,EPI2169712|150524133825_MP_2018,EPI2169711|150524133825_NS_2018,,,A/Michigan/UOM150524133825/2018,A / H3N2
EPI_ISL_14925746,EPI2169722|150524133826_PB2_2018,EPI2169723|150524133826_PB1_2018,EPI2169721|150524133826_PA_2018,EPI2169725|150524133826_HA_2018,EPI2169718|150524133826_NP_2018,EPI2169724|150524133826_NA_2018,EPI2169720|150524133826_MP_2018,EPI2169719|150524133826_NS_2018,,,A/Michigan/UOM150524133826/2018,A / H3N2
EPI_ISL_14925747,EPI2169730|150524133827_PB2_2018,EPI2169731|150524133827_PB1_2018,EPI2169729|150524133827_PA_2018,EPI2169733|150524133827_HA_2018,EPI2169726|150524133827_NP_2018,EPI2169732|150524133827_NA_2018,EPI2169728|150524133827_MP_2018,EPI2169727|150524133827_NS_2018,,,A/Michigan/UOM150524133827/2018,A / H3N2
EPI_ISL_14925748,EPI2169738|150524133828_PB2_2018,EPI2169739|150524133828_PB1_2018,EPI2169737|150524133828_PA_2018,EPI2169741|150524133828_HA_2018,EPI2169734|150524133828_NP_2018,EPI2169740|150524133828_NA_2018,EPI2169736|150524133828_MP_2018,EPI2169735|150524133828_NS_2018,,,A/Michigan/UOM150524133828/2018,A / H3N2
EPI_ISL_14925749,EPI2169746|150524000005_PB2_2019,EPI2169747|150524000005_PB1_2019,EPI2169745|150524000005_PA_2019,EPI2169749|150524000005_HA_2019,EPI2169742|150524000005_NP_2019,EPI2169748|150524000005_NA_2019,EPI2169744|150524000005_MP_2019,EPI2169743|150524000005_NS_2019,,,A/Michigan/UOM150524000005/2019,A / H1N1
EPI_ISL_14925750,EPI2169754|150524000006_PB2_2019,EPI2169755|150524000006_PB1_2019,EPI2169753|150524000006_PA_2019,EPI2169757|150524000006_HA_2019,EPI2169750|150524000006_NP_2019,EPI2169756|150524000006_NA_2019,EPI2169752|150524000006_MP_2019,EPI2169751|150524000006_NS_2019,,,A/Michigan/UOM150524000006/2019,A / H1N1
EPI_ISL_14925751,EPI2169762|150524000007_PB2_2019,EPI2169763|150524000007_PB1_2019,EPI2169761|150524000007_PA_2019,EPI2169765|150524000007_HA_2019,EPI2169758|150524000007_NP_2019,EPI2169764|150524000007_NA_2019,EPI2169760|150524000007_MP_2019,EPI2169759|150524000007_NS_2019,,,A/Michigan/UOM150524000007/2019,A / H1N1
EPI_ISL_14925752,EPI2169770|150524000012_PB2_2019,EPI2169771|150524000012_PB1_2019,EPI2169769|150524000012_PA_2019,EPI2169773|150524000012_HA_2019,EPI2169766|150524000012_NP_2019,EPI2169772|150524000012_NA_2019,EPI2169768|150524000012_MP_2019,EPI2169767|150524000012_NS_2019,,,A/Michigan/UOM150524000012/2019,A / H1N1
EPI_ISL_14925753,EPI2169778|150524000013_PB2_2019,EPI2169779|150524000013_PB1_2019,EPI2169777|150524000013_PA_2019,EPI2169781|150524000013_HA_2019,EPI2169774|150524000013_NP_2019,EPI2169780|150524000013_NA_2019,EPI2169776|150524000013_MP_2019,EPI2169775|150524000013_NS_2019,,,A/Michigan/UOM150524000013/2019,A / H1N1
EPI_ISL_14925754,EPI2169786|150524000014_PB2_2019,EPI2169787|150524000014_PB1_2019,EPI2169785|150524000014_PA_2019,EPI2169789|150524000014_HA_2019,EPI2169782|150524000014_NP_2019,EPI2169788|150524000014_NA_2019,EPI2169784|150524000014_MP_2019,EPI2169783|150524000014_NS_2019,,,A/Michigan/UOM150524000014/2019,A / H1N1
EPI_ISL_14925755,EPI2169794|150524000016_PB2_2020,EPI2169795|150524000016_PB1_2020,EPI2169793|150524000016_PA_2020,EPI2169797|150524000016_HA_2020,EPI2169790|150524000016_NP_2020,EPI2169796|150524000016_NA_2020,EPI2169792|150524000016_MP_2020,EPI2169791|150524000016_NS_2020,,,A/Michigan/UOM150524000016/2020,A / H1N1
EPI_ISL_14925756,EPI2169802|150524000117_PB2_2020,EPI2169803|150524000117_PB1_2020,EPI2169801|150524000117_PA_2020,EPI2169805|150524000117_HA_2020,EPI2169798|150524000117_NP_2020,EPI2169804|150524000117_NA_2020,EPI2169800|150524000117_MP_2020,EPI2169799|150524000117_NS_2020,,,A/Michigan/UOM150524000117/2020,A / H1N1
EPI_ISL_14925757,EPI2169810|150524000022_PB2_2020,EPI2169811|150524000022_PB1_2020,EPI2169809|150524000022_PA_2020,EPI2169813|150524000022_HA_2020,EPI2169806|150524000022_NP_2020,EPI2169812|150524000022_NA_2020,EPI2169808|150524000022_MP_2020,EPI2169807|150524000022_NS_2020,,,A/Michigan/UOM150524000022/2020,A / H1N1
EPI_ISL_14925758,EPI2169818|150524000118_PB2_2020,EPI2169819|150524000118_PB1_2020,EPI2169817|150524000118_PA_2020,EPI2169821|150524000118_HA_2020,EPI2169814|150524000118_NP_2020,EPI2169820|150524000118_NA_2020,EPI2169816|150524000118_MP_2020,EPI2169815|150524000118_NS_2020,,,A/Michigan/UOM150524000118/2020,A / H1N1
EPI_ISL_14925759,EPI2169826|150524000025_PB2_2020,EPI2169827|150524000025_PB1_2020,EPI2169825|150524000025_PA_2020,EPI2169829|150524000025_HA_2020,EPI2169822|150524000025_NP_2020,EPI2169828|150524000025_NA_2020,EPI2169824|150524000025_MP_2020,EPI2169823|150524000025_NS_2020,,,A/Michigan/UOM150524000025/2020,A / H1N1
EPI_ISL_14925760,EPI2169834|150524000119_PB2_2020,EPI2169835|150524000119_PB1_2020,EPI2169833|150524000119_PA_2020,EPI2169837|150524000119_HA_2020,EPI2169830|150524000119_NP_2020,EPI2169836|150524000119_NA_2020,EPI2169832|150524000119_MP_2020,EPI2169831|150524000119_NS_2020,,,A/Michigan/UOM150524000119/2020,A / H1N1
EPI_ISL_14925761,EPI2169842|150524000027_PB2_2020,EPI2169843|150524000027_PB1_2020,EPI2169841|150524000027_PA_2020,EPI2169845|150524000027_HA_2020,EPI2169838|150524000027_NP_2020,EPI2169844|150524000027_NA_2020,EPI2169840|150524000027_MP_2020,EPI2169839|150524000027_NS_2020,,,A/Michigan/UOM150524000027/2020,A / H1N1
EPI_ISL_14925762,EPI2169850|150524000029_PB2_2020,EPI2169851|150524000029_PB1_2020,EPI2169849|150524000029_PA_2020,EPI2169853|150524000029_HA_2020,EPI2169846|150524000029_NP_2020,EPI2169852|150524000029_NA_2020,EPI2169848|150524000029_MP_2020,EPI2169847|150524000029_NS_2020,,,A/Michigan/UOM150524000029/2020,A / H1N1
EPI_ISL_14925763,EPI2169858|150524000033_PB2_2020,EPI2169859|150524000033_PB1_2020,EPI2169857|150524000033_PA_2020,EPI2169861|150524000033_HA_2020,EPI2169854|150524000033_NP_2020,EPI2169860|150524000033_NA_2020,EPI2169856|150524000033_MP_2020,EPI2169855|150524000033_NS_2020,,,A/Michigan/UOM150524000033/2020,A / H1N1
EPI_ISL_14925764,EPI2169866|150524000032_PB2_2020,EPI2169867|150524000032_PB1_2020,EPI2169865|150524000032_PA_2020,EPI2169869|150524000032_HA_2020,EPI2169862|150524000032_NP_2020,EPI2169868|150524000032_NA_2020,EPI2169864|150524000032_MP_2020,EPI2169863|150524000032_NS_2020,,,A/Michigan/UOM150524000032/2020,A / H1N1
EPI_ISL_14925765,EPI2169874|150524000120_PB2_2020,EPI2169875|150524000120_PB1_2020,EPI2169873|150524000120_PA_2020,EPI2169877|150524000120_HA_2020,EPI2169870|150524000120_NP_2020,EPI2169876|150524000120_NA_2020,EPI2169872|150524000120_MP_2020,EPI2169871|150524000120_NS_2020,,,A/Michigan/UOM150524000120/2020,A / H1N1
EPI_ISL_14925766,EPI2169882|150524000034_PB2_2020,EPI2169883|150524000034_PB1_2020,EPI2169881|150524000034_PA_2020,EPI2169885|150524000034_HA_2020,EPI2169878|150524000034_NP_2020,EPI2169884|150524000034_NA_2020,EPI2169880|150524000034_MP_2020,EPI2169879|150524000034_NS_2020,,,A/Michigan/UOM150524000034/2020,A / H1N1
EPI_ISL_14925767,EPI2169890|150524000035_PB2_2020,EPI2169891|150524000035_PB1_2020,EPI2169889|150524000035_PA_2020,EPI2169893|150524000035_HA_2020,EPI2169886|150524000035_NP_2020,EPI2169892|150524000035_NA_2020,EPI2169888|150524000035_MP_2020,EPI2169887|150524000035_NS_2020,,,A/Michigan/UOM150524000035/2020,A / H1N1
EPI_ISL_14925768,EPI2169898|150524000036_PB2_2020,EPI2169899|150524000036_PB1_2020,EPI2169897|150524000036_PA_2020,EPI2169901|150524000036_HA_2020,EPI2169894|150524000036_NP_2020,EPI2169900|150524000036_NA_2020,EPI2169896|150524000036_MP_2020,EPI2169895|150524000036_NS_2020,,,A/Michigan/UOM150524000036/2020,A / H1N1
EPI_ISL_14925769,EPI2169906|150524000037_PB2_2020,EPI2169907|150524000037_PB1_2020,EPI2169905|150524000037_PA_2020,EPI2169909|150524000037_HA_2020,EPI2169902|150524000037_NP_2020,EPI2169908|150524000037_NA_2020,EPI2169904|150524000037_MP_2020,EPI2169903|150524000037_NS_2020,,,A/Michigan/UOM150524000037/2020,A / H1N1
EPI_ISL_14925770,EPI2169914|150524000039_PB2_2020,EPI2169915|150524000039_PB1_2020,EPI2169913|150524000039_PA_2020,EPI2169917|150524000039_HA_2020,EPI2169910|150524000039_NP_2020,EPI2169916|150524000039_NA_2020,EPI2169912|150524000039_MP_2020,EPI2169911|150524000039_NS_2020,,,A/Michigan/UOM150524000039/2020,A / H1N1
EPI_ISL_14925771,EPI2169922|150524000040_PB2_2020,EPI2169923|150524000040_PB1_2020,EPI2169921|150524000040_PA_2020,EPI2169925|150524000040_HA_2020,EPI2169918|150524000040_NP_2020,EPI2169924|150524000040_NA_2020,EPI2169920|150524000040_MP_2020,EPI2169919|150524000040_NS_2020,,,A/Michigan/UOM150524000040/2020,A / H1N1
EPI_ISL_14925772,EPI2169930|150524000045_PB2_2020,EPI2169931|150524000045_PB1_2020,EPI2169929|150524000045_PA_2020,EPI2169933|150524000045_HA_2020,EPI2169926|150524000045_NP_2020,EPI2169932|150524000045_NA_2020,EPI2169928|150524000045_MP_2020,EPI2169927|150524000045_NS_2020,,,A/Michigan/UOM150524000045/2020,A / H1N1
EPI_ISL_14925773,EPI2169938|150524000044_PB2_2020,EPI2169939|150524000044_PB1_2020,EPI2169937|150524000044_PA_2020,EPI2169941|150524000044_HA_2020,EPI2169934|150524000044_NP_2020,EPI2169940|150524000044_NA_2020,EPI2169936|150524000044_MP_2020,EPI2169935|150524000044_NS_2020,,,A/Michigan/UOM150524000044/2020,A / H1N1
EPI_ISL_14925832,EPI2169946|150524000046_PB2_2020,EPI2169947|150524000046_PB1_2020,EPI2169945|150524000046_PA_2020,EPI2169949|150524000046_HA_2020,EPI2169942|150524000046_NP_2020,EPI2169948|150524000046_NA_2020,EPI2169944|150524000046_MP_2020,EPI2169943|150524000046_NS_2020,,,A/Michigan/UOM150524000046/2020,A / H1N1
EPI_ISL_14925833,EPI2169954|150524000051_PB2_2020,EPI2169955|150524000051_PB1_2020,EPI2169953|150524000051_PA_2020,EPI2169957|150524000051_HA_2020,EPI2169950|150524000051_NP_2020,EPI2169956|150524000051_NA_2020,EPI2169952|150524000051_MP_2020,EPI2169951|150524000051_NS_2020,,,A/Michigan/UOM150524000051/2020,A / H1N1
EPI_ISL_14925834,EPI2169962|150524000053_PB2_2020,EPI2169963|150524000053_PB1_2020,EPI2169961|150524000053_PA_2020,EPI2169965|150524000053_HA_2020,EPI2169958|150524000053_NP_2020,EPI2169964|150524000053_NA_2020,EPI2169960|150524000053_MP_2020,EPI2169959|150524000053_NS_2020,,,A/Michigan/UOM150524000053/2020,A / H1N1
EPI_ISL_14925835,EPI2169970|150524000052_PB2_2020,EPI2169971|150524000052_PB1_2020,EPI2169969|150524000052_PA_2020,EPI2169973|150524000052_HA_2020,EPI2169966|150524000052_NP_2020,EPI2169972|150524000052_NA_2020,EPI2169968|150524000052_MP_2020,EPI2169967|150524000052_NS_2020,,,A/Michigan/UOM150524000052/2020,A / H1N1
EPI_ISL_14925836,EPI2169978|150524000055_PB2_2020,EPI2169979|150524000055_PB1_2020,EPI2169977|150524000055_PA_2020,EPI2169981|150524000055_HA_2020,EPI2169974|150524000055_NP_2020,EPI2169980|150524000055_NA_2020,EPI2169976|150524000055_MP_2020,EPI2169975|150524000055_NS_2020,,,A/Michigan/UOM150524000055/2020,A / H1N1
EPI_ISL_14925837,EPI2169986|150524000058_PB2_2020,EPI2169987|150524000058_PB1_2020,EPI2169985|150524000058_PA_2020,EPI2169989|150524000058_HA_2020,EPI2169982|150524000058_NP_2020,EPI2169988|150524000058_NA_2020,EPI2169984|150524000058_MP_2020,EPI2169983|150524000058_NS_2020,,,A/Michigan/UOM150524000058/2020,A / H1N1
EPI_ISL_14925838,EPI2169994|150524000060_PB2_2020,EPI2169995|150524000060_PB1_2020,EPI2169993|150524000060_PA_2020,EPI2169997|150524000060_HA_2020,EPI2169990|150524000060_NP_2020,EPI2169996|150524000060_NA_2020,EPI2169992|150524000060_MP_2020,EPI2169991|150524000060_NS_2020,,,A/Michigan/UOM150524000060/2020,A / H1N1
EPI_ISL_14925839,EPI2170002|150524000063_PB2_2020,EPI2170003|150524000063_PB1_2020,EPI2170001|150524000063_PA_2020,EPI2170005|150524000063_HA_2020,EPI2169998|150524000063_NP_2020,EPI2170004|150524000063_NA_2020,EPI2170000|150524000063_MP_2020,EPI2169999|150524000063_NS_2020,,,A/Michigan/UOM150524000063/2020,A / H1N1
EPI_ISL_14925840,EPI2170010|150524000062_PB2_2020,EPI2170011|150524000062_PB1_2020,EPI2170009|150524000062_PA_2020,EPI2170013|150524000062_HA_2020,EPI2170006|150524000062_NP_2020,EPI2170012|150524000062_NA_2020,EPI2170008|150524000062_MP_2020,EPI2170007|150524000062_NS_2020,,,A/Michigan/UOM150524000062/2020,A / H1N1
EPI_ISL_14925841,EPI2170018|150524000064_PB2_2020,EPI2170019|150524000064_PB1_2020,EPI2170017|150524000064_PA_2020,EPI2170021|150524000064_HA_2020,EPI2170014|150524000064_NP_2020,EPI2170020|150524000064_NA_2020,EPI2170016|150524000064_MP_2020,EPI2170015|150524000064_NS_2020,,,A/Michigan/UOM150524000064/2020,A / H1N1
EPI_ISL_14925842,EPI2170026|150524000121_PB2_2020,EPI2170027|150524000121_PB1_2020,EPI2170025|150524000121_PA_2020,EPI2170029|150524000121_HA_2020,EPI2170022|150524000121_NP_2020,EPI2170028|150524000121_NA_2020,EPI2170024|150524000121_MP_2020,EPI2170023|150524000121_NS_2020,,,A/Michigan/UOM150524000121/2020,A / H1N1
EPI_ISL_14925843,EPI2170034|150524000066_PB2_2020,EPI2170035|150524000066_PB1_2020,EPI2170033|150524000066_PA_2020,EPI2170037|150524000066_HA_2020,EPI2170030|150524000066_NP_2020,EPI2170036|150524000066_NA_2020,EPI2170032|150524000066_MP_2020,EPI2170031|150524000066_NS_2020,,,A/Michigan/UOM150524000066/2020,A / H1N1
EPI_ISL_14925844,EPI2170042|150524000068_PB2_2020,EPI2170043|150524000068_PB1_2020,EPI2170041|150524000068_PA_2020,EPI2170045|150524000068_HA_2020,EPI2170038|150524000068_NP_2020,EPI2170044|150524000068_NA_2020,EPI2170040|150524000068_MP_2020,EPI2170039|150524000068_NS_2020,,,A/Michigan/UOM150524000068/2020,A / H1N1
EPI_ISL_14925845,EPI2170050|150524000073_PB2_2020,EPI2170051|150524000073_PB1_2020,EPI2170049|150524000073_PA_2020,EPI2170053|150524000073_HA_2020,EPI2170046|150524000073_NP_2020,EPI2170052|150524000073_NA_2020,EPI2170048|150524000073_MP_2020,EPI2170047|150524000073_NS_2020,,,A/Michigan/UOM150524000073/2020,A / H1N1
EPI_ISL_14925846,EPI2170058|150524000074_PB2_2020,EPI2170059|150524000074_PB1_2020,EPI2170057|150524000074_PA_2020,EPI2170061|150524000074_HA_2020,EPI2170054|150524000074_NP_2020,EPI2170060|150524000074_NA_2020,EPI2170056|150524000074_MP_2020,EPI2170055|150524000074_NS_2020,,,A/Michigan/UOM150524000074/2020,A / H1N1
EPI_ISL_14925847,EPI2170066|150524000076_PB2_2020,EPI2170067|150524000076_PB1_2020,EPI2170065|150524000076_PA_2020,EPI2170069|150524000076_HA_2020,EPI2170062|150524000076_NP_2020,EPI2170068|150524000076_NA_2020,EPI2170064|150524000076_MP_2020,EPI2170063|150524000076_NS_2020,,,A/Michigan/UOM150524000076/2020,A / H1N1
EPI_ISL_14925848,EPI2170074|150524000079_PB2_2020,EPI2170075|150524000079_PB1_2020,EPI2170073|150524000079_PA_2020,EPI2170077|150524000079_HA_2020,EPI2170070|150524000079_NP_2020,EPI2170076|150524000079_NA_2020,EPI2170072|150524000079_MP_2020,EPI2170071|150524000079_NS_2020,,,A/Michigan/UOM150524000079/2020,A / H1N1
EPI_ISL_14925849,EPI2170082|150524000122_PB2_2020,EPI2170083|150524000122_PB1_2020,EPI2170081|150524000122_PA_2020,EPI2170085|150524000122_HA_2020,EPI2170078|150524000122_NP_2020,EPI2170084|150524000122_NA_2020,EPI2170080|150524000122_MP_2020,EPI2170079|150524000122_NS_2020,,,A/Michigan/UOM150524000122/2020,A / H1N1
EPI_ISL_14925850,EPI2170090|150524000085_PB2_2020,EPI2170091|150524000085_PB1_2020,EPI2170089|150524000085_PA_2020,EPI2170093|150524000085_HA_2020,EPI2170086|150524000085_NP_2020,EPI2170092|150524000085_NA_2020,EPI2170088|150524000085_MP_2020,EPI2170087|150524000085_NS_2020,,,A/Michigan/UOM150524000085/2020,A / H1N1
EPI_ISL_14925851,EPI2170098|150524000086_PB2_2020,EPI2170099|150524000086_PB1_2020,EPI2170097|150524000086_PA_2020,EPI2170101|150524000086_HA_2020,EPI2170094|150524000086_NP_2020,EPI2170100|150524000086_NA_2020,EPI2170096|150524000086_MP_2020,EPI2170095|150524000086_NS_2020,,,A/Michigan/UOM150524000086/2020,A / H1N1
EPI_ISL_14925852,EPI2170106|150524000123_PB2_2020,EPI2170107|150524000123_PB1_2020,EPI2170105|150524000123_PA_2020,EPI2170109|150524000123_HA_2020,EPI2170102|150524000123_NP_2020,EPI2170108|150524000123_NA_2020,EPI2170104|150524000123_MP_2020,EPI2170103|150524000123_NS_2020,,,A/Michigan/UOM150524000123/2020,A / H1N1
EPI_ISL_14925853,EPI2170114|150524000087_PB2_2020,EPI2170115|150524000087_PB1_2020,EPI2170113|150524000087_PA_2020,EPI2170117|150524000087_HA_2020,EPI2170110|150524000087_NP_2020,EPI2170116|150524000087_NA_2020,EPI2170112|150524000087_MP_2020,EPI2170111|150524000087_NS_2020,,,A/Michigan/UOM150524000087/2020,A / H1N1
EPI_ISL_14925854,EPI2170122|150524000092_PB2_2020,EPI2170123|150524000092_PB1_2020,EPI2170121|150524000092_PA_2020,EPI2170125|150524000092_HA_2020,EPI2170118|150524000092_NP_2020,EPI2170124|150524000092_NA_2020,EPI2170120|150524000092_MP_2020,EPI2170119|150524000092_NS_2020,,,A/Michigan/UOM150524000092/2020,A / H1N1
EPI_ISL_14925855,EPI2170130|150524000091_PB2_2020,EPI2170131|150524000091_PB1_2020,EPI2170129|150524000091_PA_2020,EPI2170133|150524000091_HA_2020,EPI2170126|150524000091_NP_2020,EPI2170132|150524000091_NA_2020,EPI2170128|150524000091_MP_2020,EPI2170127|150524000091_NS_2020,,,A/Michigan/UOM150524000091/2020,A / H1N1
EPI_ISL_14925856,EPI2170138|150524000099_PB2_2020,EPI2170139|150524000099_PB1_2020,EPI2170137|150524000099_PA_2020,EPI2170141|150524000099_HA_2020,EPI2170134|150524000099_NP_2020,EPI2170140|150524000099_NA_2020,EPI2170136|150524000099_MP_2020,EPI2170135|150524000099_NS_2020,,,A/Michigan/UOM150524000099/2020,A / H1N1
EPI_ISL_14925857,EPI2170146|150524000098_PB2_2020,EPI2170147|150524000098_PB1_2020,EPI2170145|150524000098_PA_2020,EPI2170149|150524000098_HA_2020,EPI2170142|150524000098_NP_2020,EPI2170148|150524000098_NA_2020,EPI2170144|150524000098_MP_2020,EPI2170143|150524000098_NS_2020,,,A/Michigan/UOM150524000098/2020,A / H1N1
EPI_ISL_14925858,EPI2170154|150524000094_PB2_2020,EPI2170155|150524000094_PB1_2020,EPI2170153|150524000094_PA_2020,EPI2170157|150524000094_HA_2020,EPI2170150|150524000094_NP_2020,EPI2170156|150524000094_NA_2020,EPI2170152|150524000094_MP_2020,EPI2170151|150524000094_NS_2020,,,A/Michigan/UOM150524000094/2020,A / H1N1
EPI_ISL_14925859,EPI2170162|150524000093_PB2_2020,EPI2170163|150524000093_PB1_2020,EPI2170161|150524000093_PA_2020,EPI2170165|150524000093_HA_2020,EPI2170158|150524000093_NP_2020,EPI2170164|150524000093_NA_2020,EPI2170160|150524000093_MP_2020,EPI2170159|150524000093_NS_2020,,,A/Michigan/UOM150524000093/2020,A / H1N1
EPI_ISL_14925860,EPI2170170|150524000100_PB2_2020,EPI2170171|150524000100_PB1_2020,EPI2170169|150524000100_PA_2020,EPI2170173|150524000100_HA_2020,EPI2170166|150524000100_NP_2020,EPI2170172|150524000100_NA_2020,EPI2170168|150524000100_MP_2020,EPI2170167|150524000100_NS_2020,,,A/Michigan/UOM150524000100/2020,A / H1N1
EPI_ISL_14925861,EPI2170178|150524000103_PB2_2020,EPI2170179|150524000103_PB1_2020,EPI2170177|150524000103_PA_2020,EPI2170181|150524000103_HA_2020,EPI2170174|150524000103_NP_2020,EPI2170180|150524000103_NA_2020,EPI2170176|150524000103_MP_2020,EPI2170175|150524000103_NS_2020,,,A/Michigan/UOM150524000103/2020,A / H1N1
EPI_ISL_14925862,EPI2170186|150524000105_PB2_2020,EPI2170187|150524000105_PB1_2020,EPI2170185|150524000105_PA_2020,EPI2170189|150524000105_HA_2020,EPI2170182|150524000105_NP_2020,EPI2170188|150524000105_NA_2020,EPI2170184|150524000105_MP_2020,EPI2170183|150524000105_NS_2020,,,A/Michigan/UOM150524000105/2020,A / H1N1
EPI_ISL_14925863,EPI2170194|150524000108_PB2_2020,EPI2170195|150524000108_PB1_2020,EPI2170193|150524000108_PA_2020,EPI2170197|150524000108_HA_2020,EPI2170190|150524000108_NP_2020,EPI2170196|150524000108_NA_2020,EPI2170192|150524000108_MP_2020,EPI2170191|150524000108_NS_2020,,,A/Michigan/UOM150524000108/2020,A / H1N1
EPI_ISL_14925864,EPI2170202|150524000112_PB2_2020,EPI2170203|150524000112_PB1_2020,EPI2170201|150524000112_PA_2020,EPI2170205|150524000112_HA_2020,EPI2170198|150524000112_NP_2020,EPI2170204|150524000112_NA_2020,EPI2170200|150524000112_MP_2020,EPI2170199|150524000112_NS_2020,,,A/Michigan/UOM150524000112/2020,A / H1N1
